source_place,weather_description,latitude_of_source,longitude_of_source,temperature_at_source,humidity_at_source,wind,wind_speed,month,year,day,flight_delay
Chicago,Rainy,41.8781,-87.6298,1.3,13.5,N,26.2,11,2017,18,0
Chicago,Sunny,41.8781,-87.6298,27.7,7.1,NW,19.9,4,2011,29,1
San Antonio,Sunny,29.4241,-98.4936,8.2,9.4,SW,22.7,11,2016,24,1
Los Angeles,Cloudy,34.0522,-118.2437,22.3,77,S,28.5,3,2011,29,1
Houston,Partly cloudy,29.7604,-95.3698,31,22.2,SE,25.8,8,2023,11,1
San Jose,Snowy,37.3382,-121.8863,16.8,24.3,N,30.7,3,2014,29,0
San Antonio,Snowy,29.4241,-98.4936,28.2,13.1,W,16.6,7,2022,3,1
Los Angeles,Partly cloudy,34.0522,-118.2437,33.6,60,E,28.1,1,2010,2,1
New York,Snowy,40.7128,-74.006,37.8,51.4,E,43.2,1,2011,18,0
Los Angeles,Rainy,34.0522,-118.2437,21.8,28.2,S,18.1,10,2010,28,0
San Jose,Rainy,37.3382,-121.8863,12.6,65.8,NE,14.1,9,2017,6,0
New York,Sunny,40.7128,-74.006,15.6,77.8,SE,24.4,6,2014,25,1
New York,Snowy,40.7128,-74.006,34.6,98,E,16,9,2022,16,0
San Jose,Cloudy,37.3382,-121.8863,9.6,47.9,N,45.2,1,2012,10,0
Houston,Sunny,29.7604,-95.3698,35.3,41.3,N,30.3,6,2020,10,0
Phoenix,Partly cloudy,33.4484,-112.074,2.3,29.2,N,37.1,10,2022,7,0
New York,Rainy,40.7128,-74.006,38.9,78.5,N,1.5,2,2010,27,0
New York,Cloudy,40.7128,-74.006,4.8,97.2,W,4.9,9,2013,29,0
Phoenix,Cloudy,33.4484,-112.074,35.3,60,NE,20.2,4,2021,3,1
Los Angeles,Partly cloudy,34.0522,-118.2437,21.6,64.2,W,20.9,10,2016,25,1
San Diego,Sunny,32.7157,-117.1611,22.5,68.9,SW,3.3,9,2010,18,1
Houston,Sunny,29.7604,-95.3698,39.2,42.3,S,39.7,10,2020,22,0
Chicago,Sunny,41.8781,-87.6298,38.1,22,NW,28.2,6,2012,4,1
Phoenix,Partly cloudy,33.4484,-112.074,31.9,25.6,W,25,6,2020,7,0
San Diego,Partly cloudy,32.7157,-117.1611,26.1,61.7,W,33.8,6,2014,14,1
Chicago,Snowy,41.8781,-87.6298,27.1,63.8,NE,34.6,1,2019,27,1
Phoenix,Sunny,33.4484,-112.074,5.3,46.2,W,16.5,9,2021,8,0
Dallas,Sunny,32.7767,-96.797,18.7,4.3,SW,23.8,7,2011,15,0
New York,Sunny,40.7128,-74.006,17.2,87.7,SE,29.1,7,2023,12,1
San Diego,Rainy,32.7157,-117.1611,4.1,24.4,NW,0.2,7,2011,20,1
San Jose,Rainy,37.3382,-121.8863,0.5,58.1,SE,7.1,3,2023,12,1
Houston,Sunny,29.7604,-95.3698,0.7,73.9,E,19.5,12,2016,1,0
Phoenix,Sunny,33.4484,-112.074,29.5,18.4,N,2.2,3,2012,17,1
San Antonio,Sunny,29.4241,-98.4936,17.9,47.3,NW,2.7,5,2022,17,0
Los Angeles,Cloudy,34.0522,-118.2437,19.6,0.1,W,25.7,6,2010,8,1
Philadelphia,Cloudy,39.9526,-75.1652,10.1,4.7,N,30.7,11,2021,14,1
San Antonio,Sunny,29.4241,-98.4936,21.6,25,NE,12.1,4,2010,6,1
Chicago,Partly cloudy,41.8781,-87.6298,5.1,65.9,NW,44.8,12,2020,7,0
Los Angeles,Sunny,34.0522,-118.2437,6.5,88.7,S,40.5,12,2011,20,1
Dallas,Snowy,32.7767,-96.797,32.7,42.4,NE,43,12,2021,21,0
Houston,Cloudy,29.7604,-95.3698,1.1,2.5,E,22.8,3,2011,8,1
Philadelphia,Rainy,39.9526,-75.1652,36.6,29.3,NW,40.8,1,2013,23,0
New York,Rainy,40.7128,-74.006,13.5,95.7,N,33.4,2,2021,27,0
Chicago,Partly cloudy,41.8781,-87.6298,37.3,11.1,E,4.7,6,2019,17,0
San Antonio,Sunny,29.4241,-98.4936,2.5,75.6,NW,0.7,6,2018,16,1
Chicago,Sunny,41.8781,-87.6298,12.5,74.7,NE,47,8,2022,26,1
Phoenix,Snowy,33.4484,-112.074,23.7,59,N,27,4,2017,18,0
Phoenix,Rainy,33.4484,-112.074,37.5,93.1,SE,36.7,4,2020,1,1
San Antonio,Cloudy,29.4241,-98.4936,3.6,64.2,S,8.1,4,2018,19,1
Houston,Cloudy,29.7604,-95.3698,32.4,96.7,S,34.9,8,2022,8,0
New York,Cloudy,40.7128,-74.006,24.5,82.6,W,32.5,1,2016,22,1
San Antonio,Snowy,29.4241,-98.4936,25.6,79.4,NW,45.1,8,2010,23,0
Phoenix,Snowy,33.4484,-112.074,39.7,95.1,W,15.2,7,2011,31,1
San Diego,Sunny,32.7157,-117.1611,12.8,61.7,W,18.2,12,2016,7,1
San Antonio,Snowy,29.4241,-98.4936,14.4,32.2,SE,30.7,12,2020,10,0
San Diego,Cloudy,32.7157,-117.1611,21.4,10.4,SW,44,3,2021,6,0
Los Angeles,Sunny,34.0522,-118.2437,25,69.4,NE,13.4,11,2012,11,0
Philadelphia,Snowy,39.9526,-75.1652,12.5,52.3,NW,4.8,5,2023,1,0
San Diego,Partly cloudy,32.7157,-117.1611,28.3,38.5,NE,16.3,6,2015,12,0
San Jose,Cloudy,37.3382,-121.8863,3.3,95,SE,31.9,10,2011,19,0
Chicago,Partly cloudy,41.8781,-87.6298,7.8,91.2,N,49.9,3,2018,2,1
Phoenix,Rainy,33.4484,-112.074,0.5,37.8,W,8.7,12,2013,29,1
Dallas,Partly cloudy,32.7767,-96.797,30,94.5,SW,40.6,3,2015,24,1
Los Angeles,Cloudy,34.0522,-118.2437,37.9,43.2,W,11.2,3,2018,20,0
Chicago,Snowy,41.8781,-87.6298,30.7,20.6,S,25.7,7,2020,9,1
Los Angeles,Cloudy,34.0522,-118.2437,6.9,62.1,E,37.4,5,2017,10,0
Los Angeles,Sunny,34.0522,-118.2437,11.4,9.4,NE,5.4,2,2022,19,0
Houston,Sunny,29.7604,-95.3698,26.8,15.3,S,39.9,4,2015,9,1
Philadelphia,Rainy,39.9526,-75.1652,12.4,81.4,SE,3.9,3,2020,7,0
San Jose,Rainy,37.3382,-121.8863,16.3,81.9,SW,16.2,6,2013,1,0
New York,Cloudy,40.7128,-74.006,10.2,24.1,SW,1.6,4,2012,6,1
Dallas,Partly cloudy,32.7767,-96.797,21.4,74.7,NE,42.2,6,2012,25,0
Los Angeles,Partly cloudy,34.0522,-118.2437,34.8,97.4,W,30.1,10,2019,14,0
San Antonio,Partly cloudy,29.4241,-98.4936,9.6,95.8,N,8.3,2,2015,17,0
Houston,Partly cloudy,29.7604,-95.3698,21.2,44.5,SE,5.9,1,2016,24,0
Houston,Snowy,29.7604,-95.3698,26.6,86.4,SW,23.8,9,2016,9,1
Philadelphia,Rainy,39.9526,-75.1652,0.3,55.7,NE,0.4,11,2014,20,0
San Jose,Partly cloudy,37.3382,-121.8863,10.1,56.5,N,39.6,12,2013,27,1
San Diego,Sunny,32.7157,-117.1611,22.7,23.9,NE,48.4,3,2012,27,0
San Jose,Sunny,37.3382,-121.8863,33,38.4,NW,1.8,1,2016,15,1
Chicago,Cloudy,41.8781,-87.6298,9.1,21.5,N,29.3,1,2016,23,0
Houston,Cloudy,29.7604,-95.3698,36,74.2,SW,30.6,11,2011,24,0
Houston,Rainy,29.7604,-95.3698,33,64.1,SE,0.5,1,2023,6,0
Houston,Sunny,29.7604,-95.3698,15.8,80.4,NE,38.3,5,2022,9,1
Dallas,Partly cloudy,32.7767,-96.797,32.5,62,SW,13,12,2018,5,0
San Antonio,Snowy,29.4241,-98.4936,34,27.7,E,32.6,1,2013,22,0
San Jose,Cloudy,37.3382,-121.8863,11.3,95.3,S,10.5,10,2022,2,1
San Diego,Snowy,32.7157,-117.1611,4.6,65.1,SE,4.4,4,2015,8,1
San Antonio,Cloudy,29.4241,-98.4936,4,47.6,W,12.5,4,2021,24,1
Houston,Snowy,29.7604,-95.3698,35.2,77.8,E,43.9,3,2015,30,0
San Jose,Snowy,37.3382,-121.8863,19.8,25.5,N,38,2,2014,16,0
San Antonio,Cloudy,29.4241,-98.4936,26.9,81.1,N,24.5,9,2012,22,1
San Antonio,Cloudy,29.4241,-98.4936,15.6,33.8,NW,5.8,12,2013,29,1
San Antonio,Rainy,29.4241,-98.4936,31.2,7.5,S,10.5,4,2018,29,1
Los Angeles,Partly cloudy,34.0522,-118.2437,33,78.3,N,48.1,8,2010,1,1
Houston,Partly cloudy,29.7604,-95.3698,35.7,19.1,NE,7,4,2019,13,1
Phoenix,Snowy,33.4484,-112.074,25.7,64.4,W,14.4,8,2010,17,0
Houston,Rainy,29.7604,-95.3698,35.7,27,W,27.7,6,2010,10,1
Los Angeles,Cloudy,34.0522,-118.2437,34.7,68.5,NE,18.5,6,2010,3,1
New York,Cloudy,40.7128,-74.006,10.9,12.6,W,13.5,11,2018,3,0
Philadelphia,Snowy,39.9526,-75.1652,23.5,62.4,E,34,9,2013,26,0
Dallas,Rainy,32.7767,-96.797,10.5,19.2,N,7.8,12,2018,22,1
San Antonio,Snowy,29.4241,-98.4936,25.5,50.3,NE,23.6,5,2010,23,0
Dallas,Partly cloudy,32.7767,-96.797,35.9,87.3,NE,5.8,4,2016,9,0
San Jose,Cloudy,37.3382,-121.8863,19.3,47.5,NE,14.4,11,2019,2,1
Los Angeles,Rainy,34.0522,-118.2437,33,77.2,NE,18,9,2012,5,1
New York,Cloudy,40.7128,-74.006,0.7,14.6,NW,32,5,2021,16,0
Houston,Snowy,29.7604,-95.3698,34.7,65.7,N,22.9,7,2022,26,0
Los Angeles,Rainy,34.0522,-118.2437,37.8,15.2,W,14.2,10,2012,22,1
Houston,Partly cloudy,29.7604,-95.3698,12.5,76.9,NW,34.2,8,2018,8,1
Phoenix,Rainy,33.4484,-112.074,28.4,71.4,NE,23.7,3,2020,1,0
San Diego,Snowy,32.7157,-117.1611,32.8,40.2,SE,36.2,1,2014,1,1
San Antonio,Cloudy,29.4241,-98.4936,5,47,N,19.3,11,2011,5,0
Los Angeles,Snowy,34.0522,-118.2437,16.6,16.8,N,36.3,10,2014,16,1
Phoenix,Rainy,33.4484,-112.074,8.3,63.6,W,28.5,6,2022,2,0
Houston,Rainy,29.7604,-95.3698,29.9,91.3,W,12.4,1,2018,3,1
Houston,Snowy,29.7604,-95.3698,16.2,56,SW,27.2,8,2022,17,1
San Diego,Partly cloudy,32.7157,-117.1611,0,31.5,NE,6.8,3,2011,24,0
San Antonio,Partly cloudy,29.4241,-98.4936,10.5,40.9,W,0.5,8,2016,10,0
Dallas,Sunny,32.7767,-96.797,8.1,21.8,SW,34.6,1,2011,31,1
San Antonio,Sunny,29.4241,-98.4936,3,44.2,E,8.9,2,2014,12,0
Phoenix,Cloudy,33.4484,-112.074,21.2,49.5,W,29.6,11,2021,9,1
Phoenix,Cloudy,33.4484,-112.074,13.5,94.1,W,23.3,7,2010,5,0
San Diego,Cloudy,32.7157,-117.1611,8.8,43,SW,21.8,12,2018,17,1
New York,Cloudy,40.7128,-74.006,37.5,86.2,NE,15.7,5,2011,4,1
New York,Sunny,40.7128,-74.006,13,16.7,NE,26.1,10,2013,5,0
San Jose,Partly cloudy,37.3382,-121.8863,5.1,54.5,N,48.6,5,2018,22,1
Dallas,Cloudy,32.7767,-96.797,20.9,59.1,E,38.3,9,2020,9,1
Dallas,Sunny,32.7767,-96.797,35.7,59.4,N,20.7,12,2022,30,1
Phoenix,Partly cloudy,33.4484,-112.074,31.1,50.2,E,43.6,10,2013,19,0
Dallas,Partly cloudy,32.7767,-96.797,5.9,76.7,E,26.3,5,2012,26,0
San Antonio,Partly cloudy,29.4241,-98.4936,12,17.3,NE,49.3,9,2015,5,1
Los Angeles,Sunny,34.0522,-118.2437,9.5,6.8,SW,48.5,1,2014,3,1
San Antonio,Sunny,29.4241,-98.4936,37.1,14.3,NW,1.4,12,2021,17,0
Dallas,Snowy,32.7767,-96.797,11.2,56.3,S,8.7,1,2010,19,0
San Diego,Snowy,32.7157,-117.1611,6.8,25,S,41.9,2,2018,18,0
San Jose,Sunny,37.3382,-121.8863,18.2,73.9,NW,18.2,9,2019,28,1
Los Angeles,Cloudy,34.0522,-118.2437,24.5,6.3,E,12.3,6,2023,30,0
San Diego,Partly cloudy,32.7157,-117.1611,6.3,90.9,NE,26.8,7,2013,25,1
Los Angeles,Snowy,34.0522,-118.2437,1,95.2,NW,33.6,1,2016,26,0
San Diego,Snowy,32.7157,-117.1611,3.8,78.6,E,15.8,8,2022,12,0
San Jose,Partly cloudy,37.3382,-121.8863,26,87.8,N,43,3,2022,4,1
Dallas,Snowy,32.7767,-96.797,6.5,37.8,S,25,8,2017,28,0
San Diego,Rainy,32.7157,-117.1611,10.4,16,SW,11.6,12,2017,17,1
Los Angeles,Rainy,34.0522,-118.2437,27,20,S,33.7,4,2021,3,0
Houston,Snowy,29.7604,-95.3698,34.9,50.1,NE,23.5,6,2019,20,1
Los Angeles,Cloudy,34.0522,-118.2437,38.1,66.1,NE,7.6,2,2010,17,1
Dallas,Rainy,32.7767,-96.797,15.3,56.9,N,3.6,7,2012,30,0
San Diego,Cloudy,32.7157,-117.1611,9.1,10.5,N,30.2,4,2014,26,1
Philadelphia,Sunny,39.9526,-75.1652,29.6,72.7,SE,3.2,12,2020,16,0
Los Angeles,Partly cloudy,34.0522,-118.2437,28.5,78.9,NE,48.7,6,2017,4,0
Chicago,Snowy,41.8781,-87.6298,39,3,W,10.2,5,2019,27,0
Philadelphia,Rainy,39.9526,-75.1652,3.9,45.9,NW,49.3,6,2019,22,1
Chicago,Cloudy,41.8781,-87.6298,35.1,43.8,N,16,10,2011,10,1
Chicago,Snowy,41.8781,-87.6298,7,6.7,E,46.4,10,2018,7,0
San Jose,Sunny,37.3382,-121.8863,29.9,17.7,W,31.8,8,2011,18,0
Houston,Sunny,29.7604,-95.3698,39.8,81.5,W,4.8,8,2018,24,1
Chicago,Rainy,41.8781,-87.6298,9.3,58.5,NE,12.8,1,2023,18,0
San Antonio,Snowy,29.4241,-98.4936,29.7,21.9,SW,19.6,11,2013,11,0
San Diego,Snowy,32.7157,-117.1611,31,45.8,NE,21,7,2018,2,0
San Jose,Snowy,37.3382,-121.8863,11.2,85.5,N,28.2,1,2013,21,1
Los Angeles,Sunny,34.0522,-118.2437,36.8,10.2,N,29.7,12,2022,26,0
Houston,Sunny,29.7604,-95.3698,2.8,95.5,SE,15.5,4,2014,3,0
Dallas,Partly cloudy,32.7767,-96.797,9.2,14.1,SW,4.4,10,2017,25,0
Houston,Sunny,29.7604,-95.3698,11.8,29.1,NE,34.5,7,2023,17,0
San Diego,Sunny,32.7157,-117.1611,3.6,18.1,NW,23.1,1,2021,28,0
San Jose,Partly cloudy,37.3382,-121.8863,9.8,47,E,34.2,9,2018,29,1
San Jose,Snowy,37.3382,-121.8863,31.5,31.1,W,28.4,1,2012,31,0
Houston,Sunny,29.7604,-95.3698,10.7,98.9,SW,0.3,12,2021,27,1
Houston,Partly cloudy,29.7604,-95.3698,20.3,1.5,NE,40.1,2,2013,16,1
Philadelphia,Snowy,39.9526,-75.1652,5.4,32.2,NW,38.4,2,2019,13,0
San Antonio,Cloudy,29.4241,-98.4936,23.7,59.5,NE,20.2,12,2015,18,0
New York,Partly cloudy,40.7128,-74.006,24.4,34,E,39.1,6,2017,30,1
Dallas,Partly cloudy,32.7767,-96.797,8.7,45.6,NE,0.8,9,2023,6,1
San Diego,Snowy,32.7157,-117.1611,3,42.5,SW,21.3,2,2018,24,1
San Diego,Rainy,32.7157,-117.1611,28.1,8.6,SE,21.2,4,2022,20,1
Phoenix,Cloudy,33.4484,-112.074,25.3,64.9,NW,9.8,4,2017,10,0
Phoenix,Sunny,33.4484,-112.074,19.3,83.4,SW,11,3,2018,10,1
Philadelphia,Rainy,39.9526,-75.1652,35.8,52.8,E,2.4,1,2017,22,0
New York,Snowy,40.7128,-74.006,39.1,15,NE,32.9,1,2012,25,0
Dallas,Snowy,32.7767,-96.797,29.3,48.1,N,47.9,10,2012,27,1
San Jose,Snowy,37.3382,-121.8863,38.5,1.4,SE,46.3,11,2021,23,1
Chicago,Rainy,41.8781,-87.6298,5.9,90.7,N,10,9,2010,25,1
Philadelphia,Snowy,39.9526,-75.1652,6.4,24.1,SE,27,2,2020,3,0
Los Angeles,Cloudy,34.0522,-118.2437,40,90.2,E,39.7,11,2012,19,0
Philadelphia,Rainy,39.9526,-75.1652,15.1,58.4,E,16.5,11,2010,26,0
San Jose,Cloudy,37.3382,-121.8863,22.4,98.3,E,8.8,12,2014,3,1
Chicago,Cloudy,41.8781,-87.6298,37.8,84.9,NW,1,2,2018,16,0
Phoenix,Snowy,33.4484,-112.074,24.2,1.1,E,36.9,10,2015,23,1
Houston,Cloudy,29.7604,-95.3698,34.8,1.5,S,13.5,8,2018,11,0
New York,Rainy,40.7128,-74.006,28.3,74.3,NW,9.4,2,2020,24,1
Houston,Snowy,29.7604,-95.3698,34.2,51.7,E,44.9,2,2017,25,0
San Diego,Sunny,32.7157,-117.1611,18.8,75.5,SW,41.4,2,2020,4,0
San Diego,Partly cloudy,32.7157,-117.1611,38,59,E,39.7,4,2019,21,0
Chicago,Sunny,41.8781,-87.6298,5,23.2,N,2.8,5,2017,21,1
Philadelphia,Rainy,39.9526,-75.1652,32.3,78.7,E,46.4,4,2018,12,1
Los Angeles,Snowy,34.0522,-118.2437,9.4,3.1,E,22.5,10,2017,25,1
San Diego,Rainy,32.7157,-117.1611,24.8,80.7,SE,12.8,10,2022,3,1
Philadelphia,Snowy,39.9526,-75.1652,31.1,66.5,N,36.6,2,2014,11,1
San Jose,Partly cloudy,37.3382,-121.8863,28,67.3,SW,1.9,5,2015,7,0
Los Angeles,Cloudy,34.0522,-118.2437,17.6,4.4,S,7.4,5,2023,4,1
Chicago,Cloudy,41.8781,-87.6298,37.2,21,S,21.2,7,2023,21,1
Dallas,Cloudy,32.7767,-96.797,6.5,48.9,N,48.6,4,2020,20,1
Philadelphia,Partly cloudy,39.9526,-75.1652,28.8,44.2,N,1.7,6,2015,29,0
New York,Rainy,40.7128,-74.006,10.1,2.6,NE,3.1,4,2023,26,1
San Jose,Sunny,37.3382,-121.8863,27.5,33.6,NW,5.8,4,2020,21,1
Houston,Sunny,29.7604,-95.3698,7.6,96.7,N,14.9,11,2014,1,0
Houston,Sunny,29.7604,-95.3698,1.9,30.7,SE,13.1,2,2011,18,0
Houston,Partly cloudy,29.7604,-95.3698,31.4,63.3,W,8.5,9,2013,19,0
Los Angeles,Rainy,34.0522,-118.2437,32.7,68.2,S,35.2,5,2010,28,0
San Diego,Rainy,32.7157,-117.1611,6.5,62.4,SE,36.3,2,2022,18,1
San Antonio,Rainy,29.4241,-98.4936,32.3,29,SW,19.6,4,2013,25,1
Houston,Sunny,29.7604,-95.3698,13.1,57.2,E,27,11,2019,17,1
Los Angeles,Sunny,34.0522,-118.2437,22.8,70.4,N,28.9,3,2019,10,1
San Diego,Sunny,32.7157,-117.1611,24.1,38.3,N,41.1,4,2013,26,1
Chicago,Sunny,41.8781,-87.6298,36.5,28,SW,21,2,2021,25,0
San Antonio,Partly cloudy,29.4241,-98.4936,22.8,27.5,NE,45.2,7,2021,22,0
Philadelphia,Sunny,39.9526,-75.1652,34.8,91.8,SW,40.7,3,2012,24,1
San Jose,Rainy,37.3382,-121.8863,16.9,64.4,SW,27.2,3,2018,5,0
Dallas,Rainy,32.7767,-96.797,26.1,75.2,N,14.5,12,2017,6,1
San Jose,Rainy,37.3382,-121.8863,7.7,56.8,NW,36.5,11,2015,18,1
Phoenix,Snowy,33.4484,-112.074,28.5,63,W,35,11,2023,1,0
San Diego,Rainy,32.7157,-117.1611,37.1,27.7,SE,7.3,9,2016,18,1
Dallas,Partly cloudy,32.7767,-96.797,17.1,89.3,NW,45.2,6,2011,5,1
Philadelphia,Partly cloudy,39.9526,-75.1652,25.9,50.1,E,9.5,7,2013,25,0
San Jose,Sunny,37.3382,-121.8863,21.8,80.5,SE,3.2,5,2015,28,1
Chicago,Rainy,41.8781,-87.6298,0.6,51.8,SE,0.2,9,2020,27,0
Phoenix,Rainy,33.4484,-112.074,36.3,11.6,NE,38.4,7,2022,5,0
Houston,Rainy,29.7604,-95.3698,32.4,11.2,NE,0.2,10,2019,24,1
Houston,Partly cloudy,29.7604,-95.3698,16.6,46.4,SE,12.4,5,2012,13,0
Los Angeles,Partly cloudy,34.0522,-118.2437,3.6,43,NE,48.6,8,2020,7,0
San Diego,Rainy,32.7157,-117.1611,14.1,91.3,E,5.2,10,2021,19,1
Dallas,Sunny,32.7767,-96.797,21,13.2,E,29.4,4,2015,5,0
Philadelphia,Sunny,39.9526,-75.1652,9.8,68.7,S,2.8,2,2020,5,0
San Diego,Partly cloudy,32.7157,-117.1611,33.3,91.8,NW,23.1,7,2010,3,0
San Diego,Snowy,32.7157,-117.1611,11.8,41.1,SE,31.1,6,2023,30,0
San Diego,Rainy,32.7157,-117.1611,8.2,88.5,NE,26.6,8,2017,31,0
Philadelphia,Partly cloudy,39.9526,-75.1652,6.9,14.4,SW,33.5,3,2010,6,1
New York,Rainy,40.7128,-74.006,29.1,10.5,S,7.6,4,2017,9,1
New York,Partly cloudy,40.7128,-74.006,21.9,23.3,E,35.2,9,2023,1,1
Dallas,Partly cloudy,32.7767,-96.797,27.8,52.1,S,1.6,2,2014,20,0
Los Angeles,Cloudy,34.0522,-118.2437,11.6,64.6,SW,14.8,2,2021,8,0
New York,Snowy,40.7128,-74.006,16,77.1,NW,46.4,6,2011,5,0
Phoenix,Partly cloudy,33.4484,-112.074,35.8,76.7,W,9.2,2,2021,25,0
Philadelphia,Cloudy,39.9526,-75.1652,13.2,11.2,S,7.7,9,2016,23,0
Phoenix,Partly cloudy,33.4484,-112.074,36.1,87.4,W,20.6,6,2012,5,0
Philadelphia,Cloudy,39.9526,-75.1652,38.7,11.2,NE,21.7,10,2021,1,1
New York,Cloudy,40.7128,-74.006,0.8,89.8,NE,14.1,6,2014,25,0
San Diego,Snowy,32.7157,-117.1611,19.8,95.8,SW,9.5,5,2018,2,0
Los Angeles,Rainy,34.0522,-118.2437,24.9,58.4,NW,11.7,10,2022,15,0
Chicago,Rainy,41.8781,-87.6298,0.5,69.4,NW,34,4,2020,24,1
Chicago,Cloudy,41.8781,-87.6298,14,37,NW,5.7,1,2022,16,1
San Diego,Partly cloudy,32.7157,-117.1611,1.1,55.1,E,5.8,9,2011,13,0
San Diego,Snowy,32.7157,-117.1611,24.7,83.2,SW,7.9,3,2022,10,1
Houston,Snowy,29.7604,-95.3698,18.5,15.9,NW,45.3,5,2017,23,1
San Antonio,Snowy,29.4241,-98.4936,10.5,50.2,NW,42.6,1,2019,23,1
Los Angeles,Partly cloudy,34.0522,-118.2437,31.1,40.9,N,47.5,1,2022,6,0
Dallas,Rainy,32.7767,-96.797,21.7,86.6,S,46.9,3,2020,23,1
Phoenix,Snowy,33.4484,-112.074,13.3,13.1,E,3.1,8,2018,16,0
Los Angeles,Rainy,34.0522,-118.2437,37.4,89.2,E,40.7,5,2019,29,1
San Antonio,Rainy,29.4241,-98.4936,39,25,NW,17.3,4,2013,20,1
Philadelphia,Partly cloudy,39.9526,-75.1652,7.3,60.6,E,40.6,1,2021,13,1
San Jose,Sunny,37.3382,-121.8863,39.1,38,NW,47.3,8,2011,25,0
New York,Rainy,40.7128,-74.006,23.5,93.3,SW,35.4,2,2013,1,1
Houston,Snowy,29.7604,-95.3698,35,19.8,SW,42.3,1,2013,7,1
Los Angeles,Partly cloudy,34.0522,-118.2437,11.7,50.3,S,27.9,12,2016,17,1
Houston,Partly cloudy,29.7604,-95.3698,1.9,22.8,E,26.2,5,2014,10,1
San Diego,Partly cloudy,32.7157,-117.1611,0.5,80.1,SE,47.4,5,2022,31,1
San Diego,Snowy,32.7157,-117.1611,17.2,27.1,NE,21.3,8,2015,31,1
San Diego,Cloudy,32.7157,-117.1611,0.2,95.3,NE,4.8,7,2018,21,1
Philadelphia,Partly cloudy,39.9526,-75.1652,17.8,92.4,NE,10.8,5,2019,4,1
Houston,Rainy,29.7604,-95.3698,29.8,47.5,NW,33.8,9,2014,2,1
San Antonio,Partly cloudy,29.4241,-98.4936,26.7,1.3,SE,20.3,3,2017,26,1
Houston,Cloudy,29.7604,-95.3698,29.3,96.5,S,38.6,2,2018,6,1
Philadelphia,Rainy,39.9526,-75.1652,23.8,68.6,NW,26.7,5,2011,17,1
Los Angeles,Rainy,34.0522,-118.2437,38.2,49.2,NE,6.7,6,2019,14,0
Philadelphia,Rainy,39.9526,-75.1652,9.6,60.4,S,33.1,11,2019,15,0
San Jose,Partly cloudy,37.3382,-121.8863,36.2,11.1,W,47.5,7,2018,18,0
Los Angeles,Partly cloudy,34.0522,-118.2437,39.3,15.8,SW,25.6,3,2012,14,0
Houston,Rainy,29.7604,-95.3698,0.1,63.9,NE,44,7,2012,29,1
San Jose,Cloudy,37.3382,-121.8863,17.2,4.9,S,48.6,3,2013,8,1
Los Angeles,Sunny,34.0522,-118.2437,27,70.2,NW,14.2,10,2015,15,1
Philadelphia,Rainy,39.9526,-75.1652,24.6,92,S,26.3,10,2017,2,0
San Antonio,Cloudy,29.4241,-98.4936,39.6,70.9,S,0.9,5,2019,5,0
Los Angeles,Cloudy,34.0522,-118.2437,26.4,56.1,NW,26.1,2,2017,16,0
Philadelphia,Cloudy,39.9526,-75.1652,24.7,79.4,SW,10.6,3,2021,17,0
New York,Rainy,40.7128,-74.006,37.1,74.8,NW,20.7,3,2021,10,0
San Diego,Rainy,32.7157,-117.1611,36.1,59.1,SW,3.2,6,2012,28,1
New York,Sunny,40.7128,-74.006,33.4,19.7,E,39.2,8,2013,4,1
Houston,Cloudy,29.7604,-95.3698,16.3,0.8,NW,28.7,4,2016,27,0
New York,Partly cloudy,40.7128,-74.006,27.9,45.7,NE,32.1,10,2021,14,0
San Antonio,Snowy,29.4241,-98.4936,38.2,24.1,N,19.6,7,2022,26,1
Chicago,Snowy,41.8781,-87.6298,9.6,22.7,NW,4.9,10,2019,18,1
San Diego,Cloudy,32.7157,-117.1611,19.5,50.7,SE,18.3,7,2010,28,0
Philadelphia,Snowy,39.9526,-75.1652,30.3,37.5,E,30.3,11,2018,30,0
Los Angeles,Snowy,34.0522,-118.2437,23.9,50.4,S,27.9,2,2022,14,1
New York,Rainy,40.7128,-74.006,31.3,26.9,NE,37.7,11,2018,1,0
New York,Rainy,40.7128,-74.006,10.6,61,N,17.5,5,2023,7,1
Chicago,Sunny,41.8781,-87.6298,5.2,62.2,SE,47.2,4,2013,1,0
San Antonio,Cloudy,29.4241,-98.4936,18.8,20.9,NW,33.9,3,2021,12,1
Philadelphia,Snowy,39.9526,-75.1652,26.6,56.7,S,27,10,2020,31,1
San Jose,Rainy,37.3382,-121.8863,23.9,44.5,NW,3.1,11,2015,8,1
Los Angeles,Snowy,34.0522,-118.2437,24.4,96.9,S,28.5,6,2021,21,0
Philadelphia,Snowy,39.9526,-75.1652,3.7,72.2,SE,40.9,12,2023,26,1
Houston,Partly cloudy,29.7604,-95.3698,19.7,18.2,W,17,6,2012,5,1
San Antonio,Cloudy,29.4241,-98.4936,8.1,88.2,W,40.7,3,2021,14,0
Phoenix,Rainy,33.4484,-112.074,28.4,47.7,SE,43.4,1,2021,3,0
San Diego,Rainy,32.7157,-117.1611,22.3,84.7,N,38.1,12,2023,13,1
Los Angeles,Partly cloudy,34.0522,-118.2437,24,83.1,N,19.9,1,2023,13,1
San Antonio,Rainy,29.4241,-98.4936,23.8,1.7,S,4.1,12,2013,26,0
New York,Partly cloudy,40.7128,-74.006,12.2,23.4,W,28.4,7,2020,1,1
Houston,Cloudy,29.7604,-95.3698,3.3,91.1,NE,20.4,8,2013,4,1
Los Angeles,Sunny,34.0522,-118.2437,16.5,77,SW,18.5,8,2020,13,0
Houston,Snowy,29.7604,-95.3698,11.9,13.5,SE,7.1,2,2022,4,1
New York,Sunny,40.7128,-74.006,22.8,21.2,S,33.3,3,2022,4,0
Dallas,Partly cloudy,32.7767,-96.797,8.9,61.9,SW,22.1,11,2012,5,1
Philadelphia,Snowy,39.9526,-75.1652,8.9,27.9,S,18.1,6,2019,8,0
Los Angeles,Snowy,34.0522,-118.2437,13,20.4,SW,47.1,1,2013,29,0
Phoenix,Cloudy,33.4484,-112.074,6.9,98.3,SW,19.5,9,2021,16,0
Houston,Snowy,29.7604,-95.3698,16.1,45.9,SE,8.6,8,2020,5,0
Chicago,Snowy,41.8781,-87.6298,33,51.9,SE,3.1,8,2023,16,0
Chicago,Partly cloudy,41.8781,-87.6298,34.1,65.2,SE,49.3,4,2010,30,0
New York,Partly cloudy,40.7128,-74.006,4.3,7.6,NE,18.8,1,2012,27,1
Chicago,Partly cloudy,41.8781,-87.6298,13.2,39.7,E,42,7,2019,5,1
New York,Snowy,40.7128,-74.006,24.5,90.5,SW,3.8,9,2022,6,1
Chicago,Cloudy,41.8781,-87.6298,9.1,94.3,N,24.9,5,2022,19,0
San Diego,Partly cloudy,32.7157,-117.1611,36.8,49.5,SE,20,5,2016,8,1
San Jose,Snowy,37.3382,-121.8863,28.3,89.2,SW,13.3,11,2022,8,0
New York,Partly cloudy,40.7128,-74.006,8.8,49.9,NE,37.2,10,2022,9,1
Houston,Cloudy,29.7604,-95.3698,4.3,98.6,N,32.5,12,2023,9,0
San Jose,Snowy,37.3382,-121.8863,3,78.7,NW,3.5,2,2017,12,0
San Diego,Partly cloudy,32.7157,-117.1611,7.5,83,SW,14.3,7,2020,11,1
New York,Cloudy,40.7128,-74.006,15.8,18.6,SE,13.3,4,2011,15,0
Philadelphia,Partly cloudy,39.9526,-75.1652,30,0.4,E,45.7,9,2014,11,0
Phoenix,Sunny,33.4484,-112.074,5.6,50.5,SW,11.4,5,2010,14,0
San Antonio,Snowy,29.4241,-98.4936,1.5,98.3,W,25.6,5,2014,15,0
New York,Rainy,40.7128,-74.006,35.7,96.7,SW,48,4,2017,20,0
San Diego,Snowy,32.7157,-117.1611,13.4,61.4,N,49.6,2,2015,23,0
Dallas,Sunny,32.7767,-96.797,13.2,18.5,W,25.3,6,2012,5,0
Dallas,Rainy,32.7767,-96.797,21,0.9,E,18.7,4,2015,27,1
Los Angeles,Rainy,34.0522,-118.2437,16.8,49.6,W,22.4,3,2020,23,1
New York,Partly cloudy,40.7128,-74.006,11.8,30.2,E,11,5,2021,28,1
Los Angeles,Rainy,34.0522,-118.2437,28.6,33.7,NW,49.7,4,2014,12,0
San Diego,Snowy,32.7157,-117.1611,31.7,83.3,W,15.9,2,2020,22,1
Philadelphia,Cloudy,39.9526,-75.1652,33.1,8.9,SW,8.1,4,2023,12,1
Houston,Sunny,29.7604,-95.3698,30.8,9.1,NE,6,10,2010,9,0
New York,Partly cloudy,40.7128,-74.006,27.6,44.3,E,43.6,1,2021,1,0
Phoenix,Cloudy,33.4484,-112.074,7.7,41.3,NW,12.6,12,2016,23,1
Dallas,Rainy,32.7767,-96.797,29.3,6.4,NW,16.1,12,2018,21,0
Phoenix,Partly cloudy,33.4484,-112.074,11,54.6,N,15.2,3,2017,29,1
San Jose,Partly cloudy,37.3382,-121.8863,28.9,43.2,SW,37.5,10,2021,28,0
Houston,Sunny,29.7604,-95.3698,3.9,99.3,E,43.8,8,2017,15,1
Philadelphia,Sunny,39.9526,-75.1652,16.9,6.6,E,13,11,2013,6,0
Los Angeles,Partly cloudy,34.0522,-118.2437,15.7,11.7,SE,7.1,1,2023,27,0
Dallas,Partly cloudy,32.7767,-96.797,1.5,15.8,NE,35.8,2,2011,21,1
New York,Rainy,40.7128,-74.006,35.4,32.5,S,23.5,9,2016,9,0
San Jose,Rainy,37.3382,-121.8863,27.1,66.4,N,4.6,5,2018,31,0
Los Angeles,Snowy,34.0522,-118.2437,31.1,96.7,NE,20.9,12,2012,8,1
Philadelphia,Partly cloudy,39.9526,-75.1652,26.6,90.8,N,3.3,9,2019,20,1
Dallas,Rainy,32.7767,-96.797,13.7,44.2,SE,49.1,11,2018,14,1
Dallas,Sunny,32.7767,-96.797,20.3,7.1,NE,45.4,6,2023,22,1
Phoenix,Snowy,33.4484,-112.074,5.1,64.5,SE,47.6,11,2016,5,1
San Antonio,Cloudy,29.4241,-98.4936,6.5,41.8,S,42.8,5,2011,21,1
Dallas,Snowy,32.7767,-96.797,13,2.3,NE,0.8,3,2010,29,0
San Diego,Sunny,32.7157,-117.1611,25.7,81.7,NW,6.3,3,2022,14,1
San Jose,Partly cloudy,37.3382,-121.8863,24,52.9,SW,33.6,7,2023,4,1
Chicago,Cloudy,41.8781,-87.6298,31,43.8,NE,7.1,12,2018,22,1
New York,Snowy,40.7128,-74.006,21.3,72.4,SE,22.8,6,2023,12,0
New York,Rainy,40.7128,-74.006,27,85.8,W,10.2,4,2019,21,0
San Jose,Partly cloudy,37.3382,-121.8863,1.8,93.2,N,7.6,2,2010,30,1
San Jose,Partly cloudy,37.3382,-121.8863,37.3,33.2,SW,5.3,9,2014,20,0
Philadelphia,Snowy,39.9526,-75.1652,33.8,18.4,SE,42,1,2021,20,1
Houston,Cloudy,29.7604,-95.3698,37.5,33,N,41.9,8,2013,7,1
Philadelphia,Cloudy,39.9526,-75.1652,6.9,97.6,SE,24.5,7,2023,3,0
Philadelphia,Rainy,39.9526,-75.1652,5.8,9.8,S,30.7,2,2022,13,1
Chicago,Sunny,41.8781,-87.6298,21.6,95,E,11.5,1,2020,9,0
Chicago,Sunny,41.8781,-87.6298,33.5,61.8,SE,45.8,7,2022,23,0
San Diego,Rainy,32.7157,-117.1611,29.5,1,W,28.7,3,2012,6,1
Houston,Cloudy,29.7604,-95.3698,10.3,85.9,SW,31.9,3,2014,29,0
Los Angeles,Rainy,34.0522,-118.2437,19,68.1,NE,22.4,2,2011,19,1
Houston,Snowy,29.7604,-95.3698,9.4,14.5,SE,33.7,1,2022,2,1
San Jose,Partly cloudy,37.3382,-121.8863,22.6,34.1,E,32.3,4,2010,29,0
Houston,Snowy,29.7604,-95.3698,22.7,87.3,E,48.7,7,2012,9,1
San Antonio,Snowy,29.4241,-98.4936,3.3,72.9,SW,30,11,2011,8,1
Chicago,Cloudy,41.8781,-87.6298,25.3,31.9,W,8.3,4,2021,11,1
Houston,Partly cloudy,29.7604,-95.3698,3.9,79.4,S,35.8,9,2019,24,1
Los Angeles,Sunny,34.0522,-118.2437,1.1,25.5,N,14.9,8,2019,21,1
San Jose,Cloudy,37.3382,-121.8863,34.2,54.9,SE,11.3,9,2023,10,1
Dallas,Cloudy,32.7767,-96.797,9.9,93.4,NW,23.1,5,2020,11,1
New York,Snowy,40.7128,-74.006,18.6,43.6,W,26.9,5,2018,16,1
Chicago,Partly cloudy,41.8781,-87.6298,37.5,55.6,NW,2,4,2016,26,0
Houston,Snowy,29.7604,-95.3698,25,77.6,N,29.3,9,2019,10,1
San Diego,Snowy,32.7157,-117.1611,14.9,20.4,W,33.7,4,2022,10,0
San Jose,Partly cloudy,37.3382,-121.8863,34.1,44.9,S,45.5,2,2016,24,1
Chicago,Cloudy,41.8781,-87.6298,8.6,92,SW,27.2,8,2014,2,1
San Diego,Sunny,32.7157,-117.1611,19.5,65.2,N,5,12,2021,3,1
San Jose,Cloudy,37.3382,-121.8863,22.6,70.1,E,28.9,7,2020,21,0
San Diego,Cloudy,32.7157,-117.1611,23.4,96.2,NW,42.9,12,2022,5,1
Los Angeles,Cloudy,34.0522,-118.2437,0.7,58.9,SE,33.6,2,2017,17,1
Phoenix,Partly cloudy,33.4484,-112.074,15.1,87.1,SW,42.3,12,2020,6,1
San Diego,Cloudy,32.7157,-117.1611,20.6,99.2,SE,6.8,9,2019,31,1
Phoenix,Partly cloudy,33.4484,-112.074,18.3,67.6,SE,25.2,10,2010,4,0
San Diego,Partly cloudy,32.7157,-117.1611,32.9,68.5,W,27.4,3,2015,19,1
Dallas,Sunny,32.7767,-96.797,28.9,18.1,SE,41.9,12,2015,15,0
New York,Snowy,40.7128,-74.006,37.3,46.3,NW,16.3,11,2022,25,0
Chicago,Partly cloudy,41.8781,-87.6298,9,73.8,NE,35.9,5,2010,31,1
San Diego,Sunny,32.7157,-117.1611,6.2,34.3,SW,29.8,4,2020,27,1
Phoenix,Snowy,33.4484,-112.074,8.1,11.7,SE,15.4,9,2023,9,1
Houston,Partly cloudy,29.7604,-95.3698,26.3,2.1,E,29.2,5,2010,12,0
San Diego,Rainy,32.7157,-117.1611,10.1,66.9,NE,41.5,1,2015,4,1
Houston,Snowy,29.7604,-95.3698,26.6,3.3,SE,24.2,4,2018,28,1
San Diego,Snowy,32.7157,-117.1611,27.3,48.8,NW,0.7,5,2011,25,1
New York,Cloudy,40.7128,-74.006,3.3,88.3,N,11.2,2,2013,11,0
San Diego,Snowy,32.7157,-117.1611,29.6,82.4,S,20.6,8,2010,25,1
San Antonio,Rainy,29.4241,-98.4936,12.6,71.9,N,34.1,1,2015,8,1
Dallas,Sunny,32.7767,-96.797,8.8,86,NE,46.1,4,2012,20,1
San Antonio,Cloudy,29.4241,-98.4936,10.4,74.8,SE,18,4,2016,22,0
Dallas,Sunny,32.7767,-96.797,35.9,1.8,N,12.4,6,2023,9,1
New York,Partly cloudy,40.7128,-74.006,24.2,47.1,E,5,12,2015,3,0
Philadelphia,Snowy,39.9526,-75.1652,26,1.5,NW,36.7,8,2010,19,1
Houston,Sunny,29.7604,-95.3698,8.7,55.5,E,35.5,7,2017,14,1
Chicago,Cloudy,41.8781,-87.6298,14.4,23.6,E,31.8,10,2013,27,0
Phoenix,Sunny,33.4484,-112.074,32.4,44.1,E,40.5,11,2022,23,1
Houston,Sunny,29.7604,-95.3698,13.6,20.4,E,22.4,8,2023,3,0
Houston,Sunny,29.7604,-95.3698,32.5,81.9,N,5.9,10,2016,5,0
San Jose,Partly cloudy,37.3382,-121.8863,8,18.4,W,16.6,12,2019,12,0
San Diego,Cloudy,32.7157,-117.1611,29.3,32.6,E,8.7,11,2015,13,1
Los Angeles,Partly cloudy,34.0522,-118.2437,4.7,1.5,E,46.9,2,2016,23,1
Dallas,Cloudy,32.7767,-96.797,32.9,31,E,45.1,7,2014,2,0
New York,Snowy,40.7128,-74.006,26.9,2.6,NW,31.3,3,2017,16,1
Los Angeles,Rainy,34.0522,-118.2437,38.3,45,NE,47,12,2023,22,1
Phoenix,Partly cloudy,33.4484,-112.074,1.2,2.7,SE,47.5,3,2011,5,1
San Diego,Partly cloudy,32.7157,-117.1611,5.3,38.8,N,45.5,8,2019,26,0
Chicago,Rainy,41.8781,-87.6298,1.1,60.7,NE,14.8,6,2019,3,1
Phoenix,Rainy,33.4484,-112.074,0.7,91,N,1.5,7,2020,7,1
Dallas,Cloudy,32.7767,-96.797,33.8,55.4,N,25.9,1,2017,15,1
Houston,Cloudy,29.7604,-95.3698,25.3,51.5,SW,32.2,6,2013,16,0
Phoenix,Sunny,33.4484,-112.074,25.8,4.7,SW,23.4,10,2010,6,1
San Jose,Sunny,37.3382,-121.8863,15,37.4,NE,48.9,12,2021,26,0
San Antonio,Snowy,29.4241,-98.4936,2.1,39.4,SE,34.8,11,2022,23,0
Chicago,Rainy,41.8781,-87.6298,17.2,32.4,NW,29.5,11,2018,5,1
San Diego,Rainy,32.7157,-117.1611,6.3,88.9,SE,38.8,8,2016,18,0
San Diego,Snowy,32.7157,-117.1611,37.4,39.6,NW,26.5,3,2023,25,0
San Diego,Cloudy,32.7157,-117.1611,35.1,21.1,S,43.6,10,2020,24,0
Phoenix,Sunny,33.4484,-112.074,12,78.5,W,23.3,3,2023,15,0
San Diego,Sunny,32.7157,-117.1611,0.7,81.3,NW,5.2,8,2015,22,1
Dallas,Cloudy,32.7767,-96.797,0.8,34.5,S,9.9,9,2023,5,0
Phoenix,Rainy,33.4484,-112.074,21.2,82.1,NW,22.3,8,2017,3,1
New York,Sunny,40.7128,-74.006,32.9,70.6,W,22,6,2010,28,0
San Diego,Rainy,32.7157,-117.1611,13.7,11,E,46.3,12,2022,22,1
San Antonio,Snowy,29.4241,-98.4936,26.3,36.8,SE,21.6,11,2012,30,0
Houston,Sunny,29.7604,-95.3698,34.3,85.2,E,4.1,9,2010,10,0
Phoenix,Snowy,33.4484,-112.074,25.4,37.3,N,23.9,5,2016,24,1
Los Angeles,Rainy,34.0522,-118.2437,0.2,86.5,E,35.6,4,2015,7,1
Los Angeles,Rainy,34.0522,-118.2437,22,44.5,SE,11.4,8,2022,28,1
San Diego,Snowy,32.7157,-117.1611,7,56.5,N,43.6,8,2021,7,1
Chicago,Rainy,41.8781,-87.6298,32,38.9,NE,0.4,3,2016,16,0
San Diego,Partly cloudy,32.7157,-117.1611,16.5,61.3,S,35.2,2,2014,25,1
Dallas,Sunny,32.7767,-96.797,17.6,52.4,N,12.5,2,2010,19,0
San Jose,Rainy,37.3382,-121.8863,12.2,84.3,W,36.5,6,2023,16,0
Phoenix,Cloudy,33.4484,-112.074,9.2,96.7,NE,30.3,3,2021,16,1
Phoenix,Cloudy,33.4484,-112.074,6.4,28.9,SW,45.1,2,2023,18,0
Phoenix,Snowy,33.4484,-112.074,16.3,15.4,E,4.4,12,2021,28,0
San Diego,Cloudy,32.7157,-117.1611,21.5,32.8,NE,24.5,10,2012,7,1
San Diego,Rainy,32.7157,-117.1611,36,71.2,NW,30.4,9,2018,22,1
San Jose,Rainy,37.3382,-121.8863,16.1,21.1,E,43.2,5,2023,19,0
San Jose,Snowy,37.3382,-121.8863,12.9,32.2,E,0.8,8,2016,17,0
Phoenix,Sunny,33.4484,-112.074,32.7,93.5,N,39.7,4,2014,6,1
Los Angeles,Sunny,34.0522,-118.2437,27.8,75.3,NW,23.8,3,2010,28,1
Philadelphia,Sunny,39.9526,-75.1652,4.6,95.4,W,44.8,2,2022,12,1
Philadelphia,Rainy,39.9526,-75.1652,28.3,8.7,NW,4.9,5,2013,2,0
Dallas,Cloudy,32.7767,-96.797,38,48.7,S,11.4,3,2016,21,0
San Jose,Snowy,37.3382,-121.8863,19.9,90.5,W,24.6,7,2023,13,1
Philadelphia,Partly cloudy,39.9526,-75.1652,19.6,43.9,W,34.4,7,2018,28,1
Los Angeles,Rainy,34.0522,-118.2437,28.9,68.9,SE,6.4,3,2021,24,0
New York,Rainy,40.7128,-74.006,8,17,W,30.4,3,2019,26,1
San Antonio,Snowy,29.4241,-98.4936,14.7,24.7,E,21.8,5,2018,24,0
New York,Cloudy,40.7128,-74.006,12.7,42.4,E,17.3,4,2015,10,1
San Jose,Partly cloudy,37.3382,-121.8863,39.8,31.4,E,35.7,10,2015,28,1
Phoenix,Cloudy,33.4484,-112.074,6.5,64.4,SW,28.3,10,2020,11,1
San Antonio,Partly cloudy,29.4241,-98.4936,7,82.6,E,4.5,3,2011,23,0
Phoenix,Cloudy,33.4484,-112.074,18.4,35.8,W,19.4,1,2014,16,0
Philadelphia,Sunny,39.9526,-75.1652,11,76.3,E,1.8,11,2011,19,0
Houston,Sunny,29.7604,-95.3698,34.8,28,N,18.9,5,2021,25,0
Phoenix,Partly cloudy,33.4484,-112.074,17.5,40.3,E,46.2,12,2010,11,0
San Antonio,Rainy,29.4241,-98.4936,27.4,3.6,SE,31.5,4,2015,23,1
Chicago,Sunny,41.8781,-87.6298,32.7,14.5,NE,35.6,3,2020,1,1
Philadelphia,Snowy,39.9526,-75.1652,10.9,11.2,W,14.7,10,2014,22,0
Chicago,Snowy,41.8781,-87.6298,29.3,57.7,E,34.2,8,2019,18,1
Phoenix,Cloudy,33.4484,-112.074,16,62.8,SE,48,8,2013,22,1
Houston,Sunny,29.7604,-95.3698,10.2,5.5,S,36.9,4,2012,19,1
Chicago,Rainy,41.8781,-87.6298,35.6,55.9,SW,42.8,9,2013,14,0
Phoenix,Cloudy,33.4484,-112.074,22.6,75.3,NW,7.3,4,2014,9,1
Dallas,Snowy,32.7767,-96.797,19.9,50.4,NW,24.8,2,2020,9,1
New York,Cloudy,40.7128,-74.006,7.2,46.2,SW,10,2,2021,11,1
San Antonio,Partly cloudy,29.4241,-98.4936,36.1,63.4,SE,29.4,5,2021,13,1
Dallas,Cloudy,32.7767,-96.797,25.5,38.2,S,31.4,4,2013,17,0
Dallas,Cloudy,32.7767,-96.797,37.9,60.8,NE,3,10,2014,8,1
Philadelphia,Rainy,39.9526,-75.1652,1.8,92.5,SW,48.8,7,2021,19,0
San Antonio,Sunny,29.4241,-98.4936,4.7,85.5,E,37.7,5,2012,26,1
Philadelphia,Snowy,39.9526,-75.1652,35.1,73.8,W,32.6,4,2015,23,0
San Antonio,Cloudy,29.4241,-98.4936,18.1,87.4,NW,16.3,9,2017,9,1
New York,Sunny,40.7128,-74.006,18.7,30,N,18.3,11,2022,25,0
Phoenix,Snowy,33.4484,-112.074,8.9,75,S,3.3,2,2020,10,0
San Jose,Rainy,37.3382,-121.8863,19.5,29.2,SW,6.2,9,2020,24,1
New York,Cloudy,40.7128,-74.006,17.5,51.6,NE,18.7,7,2019,16,1
Dallas,Sunny,32.7767,-96.797,28.8,48.8,SW,38.5,1,2021,26,0
New York,Cloudy,40.7128,-74.006,25.4,4.7,NE,36.7,2,2020,30,0
Philadelphia,Partly cloudy,39.9526,-75.1652,32,57,SE,9.5,5,2019,11,0
San Antonio,Sunny,29.4241,-98.4936,31.3,50.5,N,14.2,6,2018,31,1
San Antonio,Cloudy,29.4241,-98.4936,16.9,51.9,NE,3,3,2010,13,1
Dallas,Partly cloudy,32.7767,-96.797,12.1,3.2,NE,36,10,2018,13,0
Dallas,Cloudy,32.7767,-96.797,13.1,37.4,S,46.5,12,2016,19,0
Phoenix,Cloudy,33.4484,-112.074,39.6,42.3,W,21.6,7,2011,3,1
Phoenix,Cloudy,33.4484,-112.074,16.4,73.6,S,13.3,7,2013,24,1
New York,Snowy,40.7128,-74.006,30.2,73.4,NE,11.6,5,2014,26,0
Los Angeles,Cloudy,34.0522,-118.2437,3.3,38.2,SE,39.1,12,2020,3,1
San Jose,Snowy,37.3382,-121.8863,17.2,40.4,W,32.6,12,2017,27,1
New York,Cloudy,40.7128,-74.006,13.2,71.1,E,49.3,6,2018,17,1
San Diego,Snowy,32.7157,-117.1611,6.4,42,S,47.6,5,2012,18,1
Philadelphia,Cloudy,39.9526,-75.1652,1,60.7,NW,3.7,12,2021,4,0
Phoenix,Partly cloudy,33.4484,-112.074,10.1,26.7,N,9,4,2015,7,1
San Diego,Rainy,32.7157,-117.1611,31.7,5.4,W,7.3,11,2017,8,0
Chicago,Rainy,41.8781,-87.6298,11.9,69.4,S,25.2,7,2017,14,0
Houston,Sunny,29.7604,-95.3698,34.9,66.9,W,20.1,2,2014,1,0
Philadelphia,Cloudy,39.9526,-75.1652,23.2,8.3,SE,39.5,12,2021,27,1
Philadelphia,Sunny,39.9526,-75.1652,32.2,2.4,W,9.9,9,2019,27,0
Phoenix,Partly cloudy,33.4484,-112.074,40,0.2,NE,5,8,2012,25,1
Chicago,Snowy,41.8781,-87.6298,25.6,13,NE,31.5,3,2021,24,1
San Antonio,Cloudy,29.4241,-98.4936,13.6,21.2,SW,8.9,2,2014,5,0
San Jose,Partly cloudy,37.3382,-121.8863,12.4,85.7,S,40.5,11,2021,21,0
San Diego,Sunny,32.7157,-117.1611,38.9,43.3,N,13.2,1,2014,10,1
San Jose,Cloudy,37.3382,-121.8863,28.6,65.2,SW,19.5,1,2011,6,1
Phoenix,Rainy,33.4484,-112.074,20.1,97,W,17.3,4,2012,14,0
San Jose,Partly cloudy,37.3382,-121.8863,8.6,44.2,NE,47.4,7,2016,17,0
San Antonio,Cloudy,29.4241,-98.4936,19.6,79.9,W,13,2,2016,8,1
Philadelphia,Partly cloudy,39.9526,-75.1652,30.5,38.6,SE,21,5,2021,14,0
San Diego,Cloudy,32.7157,-117.1611,39,74.1,E,20.5,10,2023,23,0
Houston,Sunny,29.7604,-95.3698,26.9,26.4,E,42.5,7,2014,10,0
San Jose,Cloudy,37.3382,-121.8863,1,88.8,N,40.8,6,2012,26,0
Los Angeles,Rainy,34.0522,-118.2437,18.6,5.2,W,42.7,4,2013,25,0
Houston,Partly cloudy,29.7604,-95.3698,33.1,45.2,W,31.2,10,2022,17,1
San Jose,Sunny,37.3382,-121.8863,20.4,98.9,N,12.6,10,2010,21,0
Houston,Partly cloudy,29.7604,-95.3698,13.8,14.4,W,9.9,12,2016,15,0
Dallas,Partly cloudy,32.7767,-96.797,34.4,10.1,N,5.9,3,2023,22,1
Houston,Sunny,29.7604,-95.3698,23.1,33.2,SW,28.6,10,2020,3,0
Philadelphia,Snowy,39.9526,-75.1652,20.2,13.6,SW,19.3,3,2023,21,0
San Antonio,Cloudy,29.4241,-98.4936,19.5,67.8,NW,2.8,5,2012,11,0
San Diego,Cloudy,32.7157,-117.1611,27.3,61.4,SE,35.6,8,2021,16,1
San Antonio,Rainy,29.4241,-98.4936,18.2,52.6,E,23.1,5,2017,2,1
Philadelphia,Cloudy,39.9526,-75.1652,22.7,97,S,2.9,8,2015,5,1
San Diego,Rainy,32.7157,-117.1611,11.5,31.6,W,22.1,6,2020,8,1
Los Angeles,Snowy,34.0522,-118.2437,6.9,44.4,E,47.4,2,2017,13,0
Los Angeles,Cloudy,34.0522,-118.2437,32.8,46.3,W,8.9,5,2022,30,1
San Antonio,Cloudy,29.4241,-98.4936,12.8,70.5,W,31.9,9,2013,29,0
San Antonio,Sunny,29.4241,-98.4936,5,22.7,E,21.4,10,2019,8,1
Phoenix,Rainy,33.4484,-112.074,7.4,75.6,N,16.5,7,2011,24,1
San Jose,Rainy,37.3382,-121.8863,16.5,18.5,E,7.5,10,2017,16,0
New York,Sunny,40.7128,-74.006,11.4,97.7,W,19,6,2011,14,0
San Jose,Cloudy,37.3382,-121.8863,27.8,95.2,N,1.3,3,2010,9,0
Houston,Partly cloudy,29.7604,-95.3698,14,40,S,18.6,4,2014,17,1
Dallas,Cloudy,32.7767,-96.797,23.4,88,NW,28.3,11,2022,4,1
Philadelphia,Sunny,39.9526,-75.1652,6.7,39.4,SW,16.7,3,2022,27,1
Houston,Cloudy,29.7604,-95.3698,5.5,54.1,N,7.6,10,2012,26,0
Houston,Cloudy,29.7604,-95.3698,36.3,74.8,S,21.6,11,2010,18,1
Dallas,Sunny,32.7767,-96.797,34.6,75.9,SW,17.9,3,2023,4,0
San Diego,Snowy,32.7157,-117.1611,35.9,88.6,SE,49.2,3,2013,3,0
New York,Snowy,40.7128,-74.006,19.7,46.2,NE,28.2,2,2014,15,1
Los Angeles,Sunny,34.0522,-118.2437,2.8,59.4,N,22.9,3,2013,12,0
San Diego,Rainy,32.7157,-117.1611,12.4,57,SW,48,7,2016,20,1
Chicago,Cloudy,41.8781,-87.6298,35.3,50.6,NW,39.2,7,2012,16,1
Houston,Cloudy,29.7604,-95.3698,16.9,69.5,SW,17.6,10,2017,13,1
Philadelphia,Snowy,39.9526,-75.1652,13.1,26,S,23.3,10,2010,14,1
Philadelphia,Rainy,39.9526,-75.1652,11.8,6.5,S,25.8,4,2014,30,0
New York,Rainy,40.7128,-74.006,22,51.9,NW,10.3,8,2018,27,1
Chicago,Snowy,41.8781,-87.6298,18.1,42.8,S,6.6,6,2010,21,1
Philadelphia,Snowy,39.9526,-75.1652,15,52.7,S,7.7,10,2011,5,0
Dallas,Cloudy,32.7767,-96.797,16.9,61.3,SE,18.2,5,2017,3,1
San Jose,Partly cloudy,37.3382,-121.8863,10.7,36.5,E,4.6,12,2010,2,1
San Diego,Sunny,32.7157,-117.1611,7.7,30.7,N,9.9,7,2021,15,1
San Jose,Cloudy,37.3382,-121.8863,8.1,67.6,NW,5.1,12,2012,17,0
San Diego,Cloudy,32.7157,-117.1611,1.5,40,E,0.8,3,2021,25,1
Phoenix,Cloudy,33.4484,-112.074,37.8,83.3,NE,19.7,12,2016,8,1
Philadelphia,Partly cloudy,39.9526,-75.1652,38.3,76.2,NW,22.3,8,2020,19,1
Los Angeles,Sunny,34.0522,-118.2437,4.1,90.1,W,37.3,3,2022,10,0
Dallas,Cloudy,32.7767,-96.797,3,9.6,NW,28.4,7,2021,4,1
San Antonio,Cloudy,29.4241,-98.4936,16.7,16.1,W,42.9,1,2011,26,1
Dallas,Snowy,32.7767,-96.797,30.6,60.8,E,34.3,9,2012,4,0
Phoenix,Snowy,33.4484,-112.074,33,70.8,W,40.9,11,2010,11,0
Chicago,Cloudy,41.8781,-87.6298,0.9,21.1,W,28.3,4,2021,4,0
San Diego,Cloudy,32.7157,-117.1611,11.3,2.4,N,26.5,8,2022,7,1
Los Angeles,Rainy,34.0522,-118.2437,21.4,86.2,S,48.4,11,2017,30,1
San Antonio,Snowy,29.4241,-98.4936,5.4,77.8,NW,20.7,2,2020,30,1
Chicago,Rainy,41.8781,-87.6298,38.8,92.1,NE,26.2,4,2019,1,1
San Antonio,Sunny,29.4241,-98.4936,10.1,29,NE,35,1,2019,18,0
Philadelphia,Partly cloudy,39.9526,-75.1652,21.3,51,N,24.3,2,2016,28,1
San Antonio,Rainy,29.4241,-98.4936,4.4,72.7,W,20.9,9,2014,7,0
New York,Sunny,40.7128,-74.006,13.6,62.6,NW,33.4,6,2019,19,1
Houston,Rainy,29.7604,-95.3698,4.9,1.2,SW,2.4,6,2013,30,0
Chicago,Sunny,41.8781,-87.6298,36.5,51,SE,42.9,5,2014,12,1
Chicago,Rainy,41.8781,-87.6298,38,98.2,E,48.9,12,2013,19,0
San Jose,Partly cloudy,37.3382,-121.8863,21.7,23.2,W,30.7,7,2022,10,1
San Diego,Sunny,32.7157,-117.1611,14,45.6,NW,23.4,10,2018,16,0
Philadelphia,Cloudy,39.9526,-75.1652,12.9,80.8,NE,22.7,10,2021,26,0
Philadelphia,Rainy,39.9526,-75.1652,36.9,26.6,SW,28.1,10,2019,5,0
New York,Cloudy,40.7128,-74.006,24.8,40.7,SW,36.5,1,2023,30,0
New York,Sunny,40.7128,-74.006,16.4,69,W,15,7,2011,1,0
San Jose,Snowy,37.3382,-121.8863,30.9,45,E,15.8,7,2023,11,0
Houston,Sunny,29.7604,-95.3698,21.4,95.4,NW,6.9,9,2018,23,1
San Diego,Snowy,32.7157,-117.1611,8.7,85,S,36.4,12,2021,20,0
Los Angeles,Partly cloudy,34.0522,-118.2437,9.5,29,NE,18.6,12,2017,16,0
Dallas,Partly cloudy,32.7767,-96.797,11,0.1,SE,41.8,10,2021,28,0
Chicago,Cloudy,41.8781,-87.6298,0.6,53.6,NW,24,11,2015,11,0
Philadelphia,Rainy,39.9526,-75.1652,10.2,85.3,NW,5.7,3,2021,9,0
New York,Cloudy,40.7128,-74.006,24.5,90.9,S,50,1,2016,21,1
Los Angeles,Cloudy,34.0522,-118.2437,30.1,12.2,NW,40.9,2,2020,12,0
New York,Sunny,40.7128,-74.006,4.5,89.1,W,13.5,7,2016,16,1
San Diego,Snowy,32.7157,-117.1611,38.9,49.8,N,4,11,2023,15,0
San Diego,Sunny,32.7157,-117.1611,19.5,97.9,SE,1.6,4,2020,20,0
Philadelphia,Cloudy,39.9526,-75.1652,2.5,80.2,W,39.4,1,2021,26,1
Dallas,Partly cloudy,32.7767,-96.797,37.6,16.7,S,5.3,7,2012,9,1
Los Angeles,Sunny,34.0522,-118.2437,10.9,52.7,S,12.8,9,2012,29,1
Philadelphia,Sunny,39.9526,-75.1652,12.4,88.1,SW,4.9,8,2014,13,1
San Antonio,Rainy,29.4241,-98.4936,18.4,81.3,S,48.1,7,2012,14,1
San Diego,Snowy,32.7157,-117.1611,13,96.8,S,16.6,2,2019,27,1
New York,Rainy,40.7128,-74.006,7.1,83.4,NE,11.8,7,2013,31,0
San Antonio,Rainy,29.4241,-98.4936,5.1,99.1,NW,35.9,6,2022,8,0
Phoenix,Sunny,33.4484,-112.074,20.4,52.5,NE,32.5,9,2022,23,0
Los Angeles,Rainy,34.0522,-118.2437,2.8,59.6,E,17.1,11,2013,14,1
Phoenix,Sunny,33.4484,-112.074,28.4,7,NW,28,8,2014,20,0
Chicago,Cloudy,41.8781,-87.6298,13.7,39.4,S,31.3,9,2018,28,1
Chicago,Rainy,41.8781,-87.6298,39.7,31.6,NE,20.7,6,2010,12,0
Los Angeles,Partly cloudy,34.0522,-118.2437,2.5,91.7,S,40.1,11,2022,28,0
New York,Rainy,40.7128,-74.006,1.9,33.1,NW,37.5,2,2018,1,1
San Jose,Sunny,37.3382,-121.8863,10.1,88.6,W,42.7,1,2017,30,1
Los Angeles,Sunny,34.0522,-118.2437,14.1,23.9,S,4.7,12,2017,20,1
Los Angeles,Sunny,34.0522,-118.2437,32.5,58.2,N,29.2,4,2017,9,0
San Antonio,Sunny,29.4241,-98.4936,33.2,53.5,W,36.5,11,2014,13,1
San Antonio,Cloudy,29.4241,-98.4936,28.9,9.8,E,0.9,12,2012,16,1
Houston,Cloudy,29.7604,-95.3698,33,31.7,S,30.4,12,2011,9,0
San Jose,Cloudy,37.3382,-121.8863,29.1,98.6,W,18,8,2010,26,1
San Antonio,Cloudy,29.4241,-98.4936,34.9,59.4,E,44.2,2,2015,15,0
San Diego,Sunny,32.7157,-117.1611,18.6,82.7,W,41.5,10,2013,21,1
San Diego,Partly cloudy,32.7157,-117.1611,11.1,71.9,E,12.6,3,2020,13,0
San Antonio,Partly cloudy,29.4241,-98.4936,25.2,90,E,39.7,6,2010,13,1
Los Angeles,Cloudy,34.0522,-118.2437,14.6,34.4,E,6.8,2,2011,7,1
San Jose,Rainy,37.3382,-121.8863,2.7,22.1,NE,39.1,2,2019,10,0
Houston,Partly cloudy,29.7604,-95.3698,34.2,7.2,W,34.3,9,2021,23,0
San Diego,Rainy,32.7157,-117.1611,33.4,84.2,SW,41.3,10,2015,10,0
Chicago,Rainy,41.8781,-87.6298,19.9,52.3,E,26.1,10,2013,8,1
Houston,Rainy,29.7604,-95.3698,18.6,71.9,SW,38.6,8,2010,8,0
Dallas,Partly cloudy,32.7767,-96.797,4.8,6.4,N,36.5,5,2017,23,0
New York,Snowy,40.7128,-74.006,5,84.7,W,2.9,5,2014,15,0
Houston,Partly cloudy,29.7604,-95.3698,31.9,58.3,NE,25.7,1,2015,21,1
Houston,Snowy,29.7604,-95.3698,34.2,11.8,NW,28,2,2012,20,1
San Jose,Snowy,37.3382,-121.8863,0.2,49.8,S,45.1,1,2014,12,1
Dallas,Sunny,32.7767,-96.797,31.4,59.7,E,27.5,1,2010,20,0
San Antonio,Rainy,29.4241,-98.4936,21.4,34.1,NW,45,5,2010,5,1
Houston,Rainy,29.7604,-95.3698,17.5,71.1,N,12,4,2022,15,0
San Diego,Cloudy,32.7157,-117.1611,19,58.1,N,21.6,1,2016,20,0
Philadelphia,Sunny,39.9526,-75.1652,28.5,84,NW,26.3,10,2015,19,1
Dallas,Snowy,32.7767,-96.797,0.1,86.3,W,17.5,9,2015,27,1
Phoenix,Snowy,33.4484,-112.074,2.5,6.2,N,17,12,2018,21,1
Dallas,Rainy,32.7767,-96.797,33.7,64.6,S,8.1,11,2021,19,1
Philadelphia,Partly cloudy,39.9526,-75.1652,39.9,72.3,E,8.6,1,2010,31,1
Los Angeles,Rainy,34.0522,-118.2437,9.7,14.3,S,42.5,7,2016,4,1
San Diego,Snowy,32.7157,-117.1611,16,88.3,W,36.9,9,2019,27,1
Chicago,Rainy,41.8781,-87.6298,28.1,85.6,E,22,5,2023,8,0
San Diego,Partly cloudy,32.7157,-117.1611,26.6,13.9,SE,38.8,5,2019,18,1
Dallas,Rainy,32.7767,-96.797,31.3,88.3,NW,7.5,1,2021,12,0
Los Angeles,Snowy,34.0522,-118.2437,36.6,64.7,SE,10.5,8,2011,21,0
San Diego,Cloudy,32.7157,-117.1611,10.6,78.7,NW,29.4,2,2014,4,0
Los Angeles,Snowy,34.0522,-118.2437,21.1,79.9,S,5.2,3,2023,28,0
Dallas,Rainy,32.7767,-96.797,5.6,16.2,W,33.5,5,2017,13,1
Los Angeles,Cloudy,34.0522,-118.2437,38.8,6.3,S,16,11,2012,21,1
San Jose,Snowy,37.3382,-121.8863,30.3,63.7,E,44.7,5,2021,2,0
Chicago,Partly cloudy,41.8781,-87.6298,7.5,33.7,W,31.4,3,2023,11,0
Houston,Partly cloudy,29.7604,-95.3698,29.6,26,NW,22.1,6,2012,13,0
Phoenix,Snowy,33.4484,-112.074,32,13,NE,27.1,3,2021,31,0
Chicago,Partly cloudy,41.8781,-87.6298,5.5,85.9,E,11.4,9,2021,20,1
New York,Cloudy,40.7128,-74.006,20,57.1,S,1.7,10,2015,20,0
San Diego,Sunny,32.7157,-117.1611,32.9,83.7,E,2.8,3,2015,5,0
Philadelphia,Snowy,39.9526,-75.1652,13.9,55.7,E,20,5,2011,10,0
San Jose,Rainy,37.3382,-121.8863,2,4.9,SW,42.4,3,2012,11,0
Dallas,Snowy,32.7767,-96.797,13.8,22,SW,34.6,9,2017,12,1
Philadelphia,Snowy,39.9526,-75.1652,31.3,81.7,SE,32.2,3,2017,17,1
New York,Partly cloudy,40.7128,-74.006,4,19.1,NW,47.6,7,2011,20,0
Philadelphia,Partly cloudy,39.9526,-75.1652,12.4,91.2,E,44.7,5,2016,21,0
Philadelphia,Rainy,39.9526,-75.1652,34.1,32,NE,21.4,6,2012,1,1
Los Angeles,Cloudy,34.0522,-118.2437,6.5,42.2,NE,37.2,3,2021,26,1
Houston,Cloudy,29.7604,-95.3698,15.5,66.2,E,25.2,11,2013,18,1
Dallas,Snowy,32.7767,-96.797,22.2,80,N,34.8,4,2022,23,0
New York,Partly cloudy,40.7128,-74.006,7.1,76.6,NE,22.3,11,2020,6,0
Dallas,Cloudy,32.7767,-96.797,28,81.6,NE,28.9,11,2011,4,0
New York,Sunny,40.7128,-74.006,31.3,51,NE,8.1,1,2010,28,1
New York,Partly cloudy,40.7128,-74.006,25.4,32.2,E,37.2,7,2014,6,0
San Jose,Cloudy,37.3382,-121.8863,34.5,21.5,SE,2.4,11,2013,13,1
Chicago,Partly cloudy,41.8781,-87.6298,5.2,95.9,NE,3.1,11,2012,26,1
Philadelphia,Cloudy,39.9526,-75.1652,0.1,57.4,S,27.5,6,2014,2,1
Los Angeles,Partly cloudy,34.0522,-118.2437,10.7,96.9,SW,32.2,4,2020,22,1
Chicago,Snowy,41.8781,-87.6298,33.6,49.3,SW,14.5,10,2018,13,1
Houston,Cloudy,29.7604,-95.3698,5.1,37.5,E,44.9,10,2010,30,1
New York,Cloudy,40.7128,-74.006,30.6,61.1,S,25,12,2016,28,0
San Antonio,Partly cloudy,29.4241,-98.4936,37.2,99.3,NE,6.4,1,2020,24,0
San Diego,Snowy,32.7157,-117.1611,22.4,86.5,SW,44.8,9,2015,16,1
Houston,Snowy,29.7604,-95.3698,35.3,41,W,28.6,5,2017,5,0
San Jose,Rainy,37.3382,-121.8863,9.9,4.3,S,34.4,1,2011,24,1
San Diego,Rainy,32.7157,-117.1611,28.9,40.9,W,18,9,2019,7,1
San Jose,Sunny,37.3382,-121.8863,31.2,75.9,W,42.8,12,2012,10,0
Phoenix,Rainy,33.4484,-112.074,19.5,0.2,NE,31.1,5,2010,19,1
Dallas,Cloudy,32.7767,-96.797,24.1,83.3,N,30.7,5,2017,30,0
New York,Partly cloudy,40.7128,-74.006,3.6,26,W,16.9,5,2014,19,1
San Jose,Sunny,37.3382,-121.8863,11.1,36.6,NW,46.3,3,2013,7,0
San Diego,Rainy,32.7157,-117.1611,3.1,92.1,E,48.4,4,2017,1,1
New York,Rainy,40.7128,-74.006,9.6,37.4,S,33.2,3,2023,29,1
New York,Sunny,40.7128,-74.006,35.7,47.8,E,1.2,2,2020,14,1
Chicago,Rainy,41.8781,-87.6298,1.2,44.4,N,40.3,5,2022,26,1
Phoenix,Rainy,33.4484,-112.074,19.9,36.3,S,24.7,10,2012,3,1
San Jose,Rainy,37.3382,-121.8863,20.9,8.1,E,48.7,4,2021,21,1
Los Angeles,Sunny,34.0522,-118.2437,11.4,42.4,E,12.8,10,2021,11,1
San Jose,Cloudy,37.3382,-121.8863,31.3,49.3,NW,4,1,2012,25,0
Philadelphia,Sunny,39.9526,-75.1652,23.6,21.8,W,42.1,4,2017,7,0
Dallas,Sunny,32.7767,-96.797,7.8,82.6,E,25.1,3,2010,23,1
Philadelphia,Rainy,39.9526,-75.1652,18.8,49.5,SW,17.9,10,2018,30,0
San Antonio,Cloudy,29.4241,-98.4936,0.9,23.9,SE,21.6,12,2019,5,1
Dallas,Partly cloudy,32.7767,-96.797,0.7,10,N,47.1,3,2015,4,1
Phoenix,Snowy,33.4484,-112.074,29.4,57.8,W,2.2,10,2020,8,0
Dallas,Partly cloudy,32.7767,-96.797,6.9,47.9,W,27.1,1,2011,28,0
Phoenix,Rainy,33.4484,-112.074,38.7,71.5,NW,11.3,11,2015,5,1
Los Angeles,Partly cloudy,34.0522,-118.2437,14.3,98.8,SW,41.9,8,2022,17,1
Houston,Cloudy,29.7604,-95.3698,27.9,20,NE,29,7,2018,15,1
Chicago,Cloudy,41.8781,-87.6298,18.5,73.3,E,24.7,9,2017,4,0
San Diego,Rainy,32.7157,-117.1611,16.4,43.2,NW,30.3,6,2023,29,0
New York,Cloudy,40.7128,-74.006,26.7,39.5,SW,16.7,8,2013,3,1
San Antonio,Rainy,29.4241,-98.4936,25,28.9,NE,40.2,4,2019,9,0
Chicago,Rainy,41.8781,-87.6298,35.1,35.8,S,29.5,12,2010,19,1
San Diego,Sunny,32.7157,-117.1611,3.4,11.8,NE,42.5,4,2011,17,1
Houston,Partly cloudy,29.7604,-95.3698,20.3,45.5,E,29.5,12,2018,12,1
San Antonio,Sunny,29.4241,-98.4936,24.3,58.8,S,8.6,1,2021,13,0
Phoenix,Rainy,33.4484,-112.074,26,28,E,38.4,6,2013,15,1
Chicago,Snowy,41.8781,-87.6298,25,45.4,NW,43,5,2010,24,1
San Antonio,Snowy,29.4241,-98.4936,14.7,47.2,S,39,1,2019,3,1
San Jose,Rainy,37.3382,-121.8863,1.2,66,SE,22.4,7,2011,11,1
San Jose,Snowy,37.3382,-121.8863,28.5,58.4,E,33.3,4,2013,29,1
Phoenix,Partly cloudy,33.4484,-112.074,1.8,94.3,W,38.7,1,2010,12,1
San Diego,Sunny,32.7157,-117.1611,18.8,52.6,NE,14.5,4,2015,18,0
New York,Partly cloudy,40.7128,-74.006,28.8,60.7,S,6.4,8,2014,13,0
Houston,Cloudy,29.7604,-95.3698,10.9,53.1,NE,47.9,1,2012,4,0
Houston,Sunny,29.7604,-95.3698,1.1,34.5,W,46.8,10,2017,8,0
Los Angeles,Sunny,34.0522,-118.2437,3.7,16.2,W,34.1,12,2013,31,1
Chicago,Partly cloudy,41.8781,-87.6298,5.6,1.6,E,29.4,8,2017,4,0
Los Angeles,Sunny,34.0522,-118.2437,26.6,22.2,W,48.2,3,2021,30,0
Houston,Rainy,29.7604,-95.3698,26.1,55.8,SW,38.9,10,2017,25,0
New York,Partly cloudy,40.7128,-74.006,39.1,2.7,NE,21.8,11,2022,4,1
Phoenix,Snowy,33.4484,-112.074,13,31.8,E,43.7,10,2010,14,1
San Diego,Partly cloudy,32.7157,-117.1611,5.3,4.1,N,41.7,5,2010,26,0
Phoenix,Snowy,33.4484,-112.074,6.9,68.7,N,27.2,10,2010,21,0
Phoenix,Partly cloudy,33.4484,-112.074,1.3,51.3,SE,17.6,3,2010,19,1
San Diego,Rainy,32.7157,-117.1611,33,89.2,W,18.1,10,2019,18,0
San Antonio,Cloudy,29.4241,-98.4936,3,63,N,27.6,11,2010,21,1
Houston,Rainy,29.7604,-95.3698,35.7,70.4,N,43.6,12,2014,6,1
Houston,Rainy,29.7604,-95.3698,1.9,88.2,SW,21.2,1,2023,26,1
San Jose,Cloudy,37.3382,-121.8863,32.5,89.7,SW,5.4,8,2023,8,0
San Antonio,Snowy,29.4241,-98.4936,7.8,36.9,SW,16.3,12,2014,28,0
San Diego,Rainy,32.7157,-117.1611,0.9,58.5,E,0.5,3,2019,18,0
Phoenix,Cloudy,33.4484,-112.074,28.1,40.4,W,43.9,5,2013,1,0
San Jose,Cloudy,37.3382,-121.8863,0.1,56.6,E,12.4,6,2019,15,1
Los Angeles,Partly cloudy,34.0522,-118.2437,11.9,94.1,W,47.9,6,2021,26,0
San Diego,Sunny,32.7157,-117.1611,2.3,99.3,E,19,12,2018,24,1
Phoenix,Partly cloudy,33.4484,-112.074,4.9,47.2,E,26.6,4,2012,23,1
New York,Sunny,40.7128,-74.006,5,6.5,W,38,7,2018,31,1
Los Angeles,Rainy,34.0522,-118.2437,28.9,96,SW,2,11,2021,2,1
Chicago,Partly cloudy,41.8781,-87.6298,38.9,11.8,NE,20.5,5,2010,3,0
Houston,Rainy,29.7604,-95.3698,9.8,2.4,NW,20.1,4,2011,6,1
San Jose,Cloudy,37.3382,-121.8863,16,69.9,SW,1.9,9,2019,2,0
New York,Partly cloudy,40.7128,-74.006,15,84.9,NE,35,9,2016,18,0
San Antonio,Snowy,29.4241,-98.4936,10.3,61.8,W,38,3,2012,27,0
Dallas,Cloudy,32.7767,-96.797,28.5,59.4,S,29.7,5,2016,29,1
Chicago,Snowy,41.8781,-87.6298,10.9,32.9,SE,21.3,6,2018,22,0
Phoenix,Snowy,33.4484,-112.074,20.6,62.6,E,9.8,12,2018,12,0
Los Angeles,Sunny,34.0522,-118.2437,5.2,82.5,S,9.7,9,2015,18,0
San Jose,Snowy,37.3382,-121.8863,33.9,32.7,SE,33.5,7,2019,31,1
San Antonio,Partly cloudy,29.4241,-98.4936,27.5,46.1,E,24.3,2,2016,18,0
New York,Rainy,40.7128,-74.006,21.6,64.2,E,32.6,6,2023,21,1
Houston,Snowy,29.7604,-95.3698,24.6,78.2,NE,45.9,10,2013,22,1
Philadelphia,Sunny,39.9526,-75.1652,9,63.8,N,31.8,4,2021,8,0
Chicago,Snowy,41.8781,-87.6298,33.8,15.7,W,3.3,4,2014,2,0
San Jose,Rainy,37.3382,-121.8863,4.9,53,S,33.4,10,2014,23,1
San Antonio,Partly cloudy,29.4241,-98.4936,35.2,43.5,W,1,3,2013,15,1
San Diego,Snowy,32.7157,-117.1611,24.5,64.6,SW,47.7,1,2016,25,0
San Jose,Cloudy,37.3382,-121.8863,37.6,64.6,S,13.2,6,2010,17,0
Philadelphia,Rainy,39.9526,-75.1652,11.5,9.7,SW,27,5,2014,14,1
San Diego,Snowy,32.7157,-117.1611,37.4,13.9,N,30.2,11,2022,3,1
Philadelphia,Rainy,39.9526,-75.1652,25.5,8.8,W,10.8,11,2018,30,1
Phoenix,Rainy,33.4484,-112.074,0.4,9.6,NW,6.7,11,2014,30,1
Phoenix,Rainy,33.4484,-112.074,4.1,52.4,NE,40.3,6,2014,17,0
San Diego,Rainy,32.7157,-117.1611,23.7,0.3,NE,34.6,10,2011,9,0
Dallas,Sunny,32.7767,-96.797,3.8,78.3,NW,30.6,12,2012,2,1
New York,Sunny,40.7128,-74.006,29.9,56.9,SE,8.6,9,2023,15,0
Chicago,Sunny,41.8781,-87.6298,26.9,72.1,SW,37.8,9,2021,17,0
Chicago,Rainy,41.8781,-87.6298,7.5,48.1,N,32.3,10,2010,10,1
New York,Partly cloudy,40.7128,-74.006,25.5,90.7,W,29.1,1,2016,26,1
San Diego,Cloudy,32.7157,-117.1611,22.7,82.3,S,22.9,8,2020,12,1
Los Angeles,Sunny,34.0522,-118.2437,9.9,49.8,E,8.2,10,2020,23,0
Los Angeles,Rainy,34.0522,-118.2437,28.3,24.4,NE,9.5,6,2019,8,1
New York,Sunny,40.7128,-74.006,10.1,12.6,NW,41.4,5,2021,18,1
Chicago,Cloudy,41.8781,-87.6298,34.6,84.3,NE,11,12,2018,1,0
San Diego,Sunny,32.7157,-117.1611,15.8,67.7,SE,45.4,6,2020,10,0
Philadelphia,Rainy,39.9526,-75.1652,19.8,26.5,SW,7.6,2,2023,22,1
San Jose,Sunny,37.3382,-121.8863,26.5,72.6,NW,33.4,2,2019,26,0
Houston,Partly cloudy,29.7604,-95.3698,35.3,30.8,W,20.5,3,2019,18,0
Houston,Rainy,29.7604,-95.3698,18.2,25.5,SE,31.2,6,2012,3,0
San Antonio,Partly cloudy,29.4241,-98.4936,26.2,73.9,S,2.2,9,2019,29,1
Philadelphia,Snowy,39.9526,-75.1652,23.9,74,W,17.8,1,2020,27,0
Phoenix,Snowy,33.4484,-112.074,2.9,82.4,N,9.5,1,2017,26,1
Dallas,Snowy,32.7767,-96.797,25.3,85,NW,5.8,1,2020,21,1
San Jose,Cloudy,37.3382,-121.8863,1.9,54.7,N,1.5,8,2016,28,0
San Antonio,Sunny,29.4241,-98.4936,20.2,25.8,NE,2,5,2010,22,0
Phoenix,Sunny,33.4484,-112.074,4.3,60.6,N,35.1,5,2010,23,1
Dallas,Rainy,32.7767,-96.797,24.3,29.9,NE,24.9,12,2023,6,0
New York,Partly cloudy,40.7128,-74.006,28.8,79.3,NE,15.9,10,2017,26,0
San Antonio,Partly cloudy,29.4241,-98.4936,31.4,11.9,NE,4.4,8,2013,24,0
Phoenix,Rainy,33.4484,-112.074,23.6,32.6,SE,8.7,9,2021,10,1
San Jose,Snowy,37.3382,-121.8863,39.6,3.8,NW,13.5,7,2021,11,0
New York,Partly cloudy,40.7128,-74.006,14.4,44.5,NE,24.3,3,2011,6,1
New York,Sunny,40.7128,-74.006,0.5,14,SE,46.8,4,2022,20,1
Philadelphia,Cloudy,39.9526,-75.1652,32.7,97.3,W,17,11,2022,13,0
Dallas,Partly cloudy,32.7767,-96.797,18.1,35.6,E,17.8,8,2023,16,0
New York,Sunny,40.7128,-74.006,21.7,79,W,35.7,3,2018,25,0
Dallas,Snowy,32.7767,-96.797,33.9,82.9,NW,24.3,7,2020,13,0
Los Angeles,Cloudy,34.0522,-118.2437,10.5,9.2,NE,14.1,6,2017,8,0
San Antonio,Snowy,29.4241,-98.4936,13.1,66.9,W,7.8,3,2014,5,0
Phoenix,Sunny,33.4484,-112.074,3.9,34.4,SW,1.9,5,2016,5,0
San Diego,Snowy,32.7157,-117.1611,27.3,29.8,W,11.1,11,2020,6,0
Chicago,Rainy,41.8781,-87.6298,8.5,75.4,S,46.1,8,2015,14,0
Philadelphia,Sunny,39.9526,-75.1652,34.1,25.4,NE,49.7,2,2020,25,0
Phoenix,Snowy,33.4484,-112.074,24.4,31,SW,40.2,6,2019,4,1
San Antonio,Rainy,29.4241,-98.4936,36.5,75.7,W,23.1,8,2023,19,0
Houston,Rainy,29.7604,-95.3698,2.4,35,NE,35.7,8,2019,2,1
New York,Snowy,40.7128,-74.006,39.7,39.2,N,41.2,8,2020,20,1
Phoenix,Snowy,33.4484,-112.074,15.9,74.1,NE,18,4,2017,1,0
San Jose,Rainy,37.3382,-121.8863,21.8,13.8,SW,8.9,7,2021,5,0
San Jose,Sunny,37.3382,-121.8863,25.7,69.3,E,8.1,9,2012,9,0
New York,Sunny,40.7128,-74.006,19.4,32.3,SW,28.7,6,2013,22,1
Chicago,Snowy,41.8781,-87.6298,21.1,84.4,SE,3.1,5,2017,4,1
San Diego,Cloudy,32.7157,-117.1611,16.7,61.8,S,49.7,10,2010,14,0
San Antonio,Partly cloudy,29.4241,-98.4936,7.5,0.8,SE,22.3,9,2023,26,0
New York,Snowy,40.7128,-74.006,38.8,13.2,N,11.4,2,2019,25,1
Houston,Rainy,29.7604,-95.3698,32,75.1,NW,25.9,12,2020,6,0
San Antonio,Cloudy,29.4241,-98.4936,23.9,22,S,12.4,6,2013,20,0
Phoenix,Cloudy,33.4484,-112.074,2.3,1.7,SE,30.9,7,2010,12,0
Los Angeles,Partly cloudy,34.0522,-118.2437,35.8,73.8,NE,41.1,1,2014,16,0
Philadelphia,Partly cloudy,39.9526,-75.1652,3.1,67.3,SW,21.1,4,2013,4,0
Houston,Cloudy,29.7604,-95.3698,31.3,22.3,SW,36.9,6,2021,8,0
Dallas,Sunny,32.7767,-96.797,2.4,62.6,S,29.6,5,2022,9,1
San Jose,Rainy,37.3382,-121.8863,30.5,62.7,N,8.5,6,2016,18,0
New York,Snowy,40.7128,-74.006,33.8,93.9,SW,10.7,2,2023,14,0
Dallas,Cloudy,32.7767,-96.797,18,9.8,N,27.2,7,2023,14,1
San Jose,Partly cloudy,37.3382,-121.8863,22.2,17.1,SE,42.5,7,2018,21,0
San Diego,Partly cloudy,32.7157,-117.1611,33.5,30.2,E,22.2,8,2019,16,1
Chicago,Partly cloudy,41.8781,-87.6298,38.8,76.6,E,31.3,2,2015,1,1
Phoenix,Cloudy,33.4484,-112.074,0.7,47.2,S,37.9,10,2017,20,1
New York,Partly cloudy,40.7128,-74.006,5.2,36.8,N,39.9,12,2012,1,1
Dallas,Sunny,32.7767,-96.797,34.6,38.1,N,32.4,11,2012,5,0
Houston,Sunny,29.7604,-95.3698,27.1,50.8,N,39.1,8,2012,18,0
Chicago,Rainy,41.8781,-87.6298,10.9,32.5,SE,30.3,5,2012,15,0
Houston,Rainy,29.7604,-95.3698,17.8,68.2,N,46.2,8,2011,31,1
San Antonio,Sunny,29.4241,-98.4936,4.4,2.5,NE,17.1,3,2019,29,0
Chicago,Cloudy,41.8781,-87.6298,1.1,59.8,S,41.8,11,2016,31,0
Dallas,Rainy,32.7767,-96.797,29.3,36,NE,32.4,1,2017,7,0
Philadelphia,Rainy,39.9526,-75.1652,29,47.9,SE,28.7,5,2019,4,1
Phoenix,Cloudy,33.4484,-112.074,27.8,75.3,N,35.9,5,2015,30,0
Phoenix,Rainy,33.4484,-112.074,35.4,3.5,NW,1.2,12,2021,5,0
New York,Snowy,40.7128,-74.006,11.5,21.7,NE,39.1,9,2022,3,1
New York,Snowy,40.7128,-74.006,16.9,51.1,N,11.5,7,2021,9,0
Houston,Sunny,29.7604,-95.3698,10,61.7,NW,7.7,4,2019,23,1
Dallas,Snowy,32.7767,-96.797,25,18.5,SE,33.2,9,2019,6,1
Philadelphia,Snowy,39.9526,-75.1652,25.5,19.5,S,45.1,10,2014,20,0
Phoenix,Cloudy,33.4484,-112.074,16.3,62.4,N,27.5,2,2017,23,0
Los Angeles,Rainy,34.0522,-118.2437,37.4,72.4,W,11.7,5,2018,2,0
Phoenix,Sunny,33.4484,-112.074,19.5,45,NW,37,12,2015,23,1
Chicago,Partly cloudy,41.8781,-87.6298,36.7,44.6,NW,44.9,4,2010,5,1
Los Angeles,Partly cloudy,34.0522,-118.2437,29.2,40,SE,36.7,8,2020,22,1
Phoenix,Cloudy,33.4484,-112.074,37.5,25.2,S,40.4,11,2013,15,0
Los Angeles,Sunny,34.0522,-118.2437,30.3,98.6,SE,46.8,10,2012,28,0
Dallas,Snowy,32.7767,-96.797,9,62.6,NW,26.2,7,2021,30,1
Los Angeles,Snowy,34.0522,-118.2437,27.6,35.6,SW,45.1,2,2017,3,0
Los Angeles,Partly cloudy,34.0522,-118.2437,9.5,25.6,N,40.1,9,2012,12,0
San Diego,Snowy,32.7157,-117.1611,11.6,25.1,W,17.5,3,2016,3,1
Chicago,Sunny,41.8781,-87.6298,8.9,31.7,W,16.4,5,2015,23,1
Dallas,Snowy,32.7767,-96.797,19.9,55.5,E,10.4,7,2018,4,0
San Jose,Partly cloudy,37.3382,-121.8863,17.4,58.2,SE,33.3,12,2013,27,1
Dallas,Snowy,32.7767,-96.797,36.3,66.2,N,44.2,2,2015,1,0
Houston,Sunny,29.7604,-95.3698,23.7,2.4,W,4.2,8,2011,23,1
Houston,Sunny,29.7604,-95.3698,14.4,57.7,SW,29,2,2010,29,1
Phoenix,Snowy,33.4484,-112.074,24.9,58.1,W,34.9,12,2019,14,0
Houston,Rainy,29.7604,-95.3698,13.7,91.9,SE,40.8,4,2017,2,0
Houston,Cloudy,29.7604,-95.3698,33.5,23.2,E,27.9,6,2018,15,0
San Antonio,Sunny,29.4241,-98.4936,3.6,4.3,NW,33,1,2010,13,1
Los Angeles,Sunny,34.0522,-118.2437,8.7,94.6,NE,26.2,11,2010,19,1
San Antonio,Partly cloudy,29.4241,-98.4936,3.8,56.3,SW,9.6,10,2019,24,1
Chicago,Rainy,41.8781,-87.6298,34.7,10.4,NW,3.4,6,2012,28,1
San Diego,Partly cloudy,32.7157,-117.1611,10.9,32.6,S,12.8,2,2017,13,0
San Diego,Partly cloudy,32.7157,-117.1611,39.8,39.1,S,40.7,6,2017,6,0
New York,Partly cloudy,40.7128,-74.006,6.1,76.8,NW,6.1,6,2022,16,0
Philadelphia,Rainy,39.9526,-75.1652,13,26.4,W,3.6,6,2018,2,1
Phoenix,Partly cloudy,33.4484,-112.074,35.7,95,S,11.1,3,2015,23,1
San Antonio,Snowy,29.4241,-98.4936,25.4,57.2,W,14.5,7,2014,24,1
Los Angeles,Sunny,34.0522,-118.2437,19.8,9.5,SW,20.1,2,2022,5,0
Los Angeles,Cloudy,34.0522,-118.2437,6.6,50.8,E,41.7,2,2010,8,0
Phoenix,Cloudy,33.4484,-112.074,31.6,58.4,SW,31.2,10,2023,22,0
New York,Rainy,40.7128,-74.006,13.3,95.9,SW,37.5,10,2011,4,0
San Diego,Rainy,32.7157,-117.1611,30.1,91.2,S,44.5,4,2021,6,1
San Antonio,Cloudy,29.4241,-98.4936,23.3,94.1,N,38.4,9,2021,26,1
Dallas,Snowy,32.7767,-96.797,24.7,64.7,NW,13.1,12,2013,2,1
San Diego,Sunny,32.7157,-117.1611,13,64.3,N,27.4,9,2021,17,0
San Antonio,Snowy,29.4241,-98.4936,3,68.5,W,22.7,8,2015,8,1
Dallas,Cloudy,32.7767,-96.797,23.8,4.9,W,41.1,5,2012,10,1
Chicago,Cloudy,41.8781,-87.6298,29.7,26.4,SW,12.5,1,2022,18,1
San Antonio,Sunny,29.4241,-98.4936,23,25.5,E,30.4,5,2022,26,0
Phoenix,Sunny,33.4484,-112.074,24,78.1,SW,2,5,2023,29,0
New York,Rainy,40.7128,-74.006,27.9,17.1,W,16.2,4,2022,14,0
Philadelphia,Rainy,39.9526,-75.1652,1.8,74.4,SW,23.5,1,2019,28,0
Dallas,Snowy,32.7767,-96.797,8.9,41.8,NE,10.3,5,2018,19,0
San Antonio,Cloudy,29.4241,-98.4936,24.6,27.1,S,33.6,4,2021,17,1
Phoenix,Snowy,33.4484,-112.074,5.4,90.4,NW,18.4,11,2018,25,1
Chicago,Rainy,41.8781,-87.6298,10.8,30.2,E,9.4,9,2014,9,0
Phoenix,Partly cloudy,33.4484,-112.074,1.8,77.3,S,43.4,8,2023,23,0
New York,Sunny,40.7128,-74.006,8.6,75.8,W,10,12,2013,8,0
New York,Cloudy,40.7128,-74.006,0.5,37.6,NE,28.8,3,2015,24,0
Philadelphia,Cloudy,39.9526,-75.1652,32.7,32.6,SW,24.3,11,2013,15,0
San Jose,Partly cloudy,37.3382,-121.8863,23.5,0.4,E,22.2,2,2022,28,0
New York,Cloudy,40.7128,-74.006,21.9,46.3,SE,11.8,2,2020,21,1
San Jose,Cloudy,37.3382,-121.8863,0.2,17.8,N,41,1,2010,15,1
Dallas,Partly cloudy,32.7767,-96.797,34,1.1,N,32.1,12,2016,1,1
San Antonio,Rainy,29.4241,-98.4936,0,61.6,NW,40.2,2,2021,14,1
Philadelphia,Sunny,39.9526,-75.1652,31.5,12.6,NW,36.3,8,2016,15,0
Philadelphia,Rainy,39.9526,-75.1652,8.8,30.6,SE,38.2,2,2014,15,1
Houston,Partly cloudy,29.7604,-95.3698,32.8,71.4,SW,9.6,7,2021,10,0
Dallas,Snowy,32.7767,-96.797,5.2,74.5,N,30.4,5,2015,27,0
Los Angeles,Sunny,34.0522,-118.2437,21.9,95.2,NW,39.4,10,2013,18,1
Dallas,Snowy,32.7767,-96.797,1.2,90.8,NW,24.9,3,2020,18,0
Houston,Cloudy,29.7604,-95.3698,22.2,51.5,SW,31,6,2019,20,0
San Diego,Sunny,32.7157,-117.1611,5.3,94.6,NW,13.6,5,2023,30,0
Dallas,Snowy,32.7767,-96.797,32.2,34.2,E,22.8,8,2021,15,1
Philadelphia,Snowy,39.9526,-75.1652,9.4,55.1,NW,41.9,2,2019,19,1
San Jose,Snowy,37.3382,-121.8863,4.6,54.4,SW,10.5,1,2010,9,1
Los Angeles,Cloudy,34.0522,-118.2437,1.2,2.2,SW,35.6,8,2012,30,1
Phoenix,Sunny,33.4484,-112.074,23,3.5,E,31.8,9,2018,13,0
San Jose,Rainy,37.3382,-121.8863,26.5,23.8,S,3.8,3,2017,9,1
Houston,Cloudy,29.7604,-95.3698,35.8,93.1,S,33.2,5,2014,11,0
Phoenix,Sunny,33.4484,-112.074,2.5,90.4,N,22.8,10,2019,5,0
Phoenix,Snowy,33.4484,-112.074,15.7,63.7,NW,9.1,3,2016,3,1
Phoenix,Partly cloudy,33.4484,-112.074,6.5,6.7,N,21.4,8,2019,4,0
New York,Partly cloudy,40.7128,-74.006,20.1,95.3,N,6.3,11,2019,19,1
New York,Cloudy,40.7128,-74.006,9.5,6.6,E,47.4,10,2019,2,1
San Antonio,Rainy,29.4241,-98.4936,16.4,50.6,W,48.7,7,2019,13,0
Dallas,Rainy,32.7767,-96.797,14.7,62,SW,21.3,8,2018,21,1
Phoenix,Sunny,33.4484,-112.074,27.6,71,W,10.5,10,2016,3,0
Dallas,Partly cloudy,32.7767,-96.797,29.7,92.6,NE,39.8,4,2022,3,0
New York,Snowy,40.7128,-74.006,17,34.4,SE,15.8,10,2018,9,1
Los Angeles,Rainy,34.0522,-118.2437,9.8,37.4,E,17.8,5,2013,9,0
San Diego,Rainy,32.7157,-117.1611,31.8,54.3,SW,20,10,2010,2,0
San Antonio,Partly cloudy,29.4241,-98.4936,33.9,24.9,SW,35.8,9,2014,14,1
Chicago,Snowy,41.8781,-87.6298,21.6,54.8,NE,30.6,5,2023,28,1
San Antonio,Sunny,29.4241,-98.4936,10,34.8,NE,49.6,3,2010,10,1
Phoenix,Sunny,33.4484,-112.074,31.4,92.9,N,42,7,2023,12,0
Chicago,Sunny,41.8781,-87.6298,14.2,30.8,S,48.7,10,2017,8,1
Phoenix,Sunny,33.4484,-112.074,36.7,63.4,W,38.7,6,2021,29,0
San Diego,Partly cloudy,32.7157,-117.1611,10.7,38.6,NE,21.1,9,2017,12,1
Philadelphia,Sunny,39.9526,-75.1652,37.6,98.6,S,46.1,9,2018,7,0
Dallas,Partly cloudy,32.7767,-96.797,17.1,89.2,N,20.1,12,2022,3,0
Los Angeles,Rainy,34.0522,-118.2437,30.1,31.8,NW,5,10,2015,28,0
Houston,Partly cloudy,29.7604,-95.3698,8.4,0.6,N,11.1,7,2022,18,1
Houston,Cloudy,29.7604,-95.3698,25,29.6,SW,48.9,4,2016,3,1
San Jose,Cloudy,37.3382,-121.8863,23.3,49.4,E,9.1,11,2019,4,1
Los Angeles,Rainy,34.0522,-118.2437,16.8,33.6,S,19.8,3,2014,7,1
Philadelphia,Snowy,39.9526,-75.1652,29.4,65.9,S,41.5,9,2022,8,1
Philadelphia,Cloudy,39.9526,-75.1652,32.7,33.2,S,25.2,1,2012,7,1
Chicago,Partly cloudy,41.8781,-87.6298,29.1,32.8,N,32.7,10,2022,13,0
Phoenix,Rainy,33.4484,-112.074,32.5,89.6,NW,43.7,1,2018,11,1
San Antonio,Snowy,29.4241,-98.4936,29.8,29.1,SE,5.4,7,2012,17,1
San Jose,Cloudy,37.3382,-121.8863,6,59.2,N,23.9,12,2016,13,1
New York,Snowy,40.7128,-74.006,30.9,52,NE,16.2,3,2023,4,0
San Jose,Sunny,37.3382,-121.8863,7.6,25.9,SW,31.7,9,2010,19,1
Philadelphia,Sunny,39.9526,-75.1652,4,15,NW,24.8,1,2015,3,1
Houston,Sunny,29.7604,-95.3698,36.1,35.4,E,17.1,12,2021,2,0
Los Angeles,Cloudy,34.0522,-118.2437,23.9,31.9,NW,10.1,1,2018,1,0
San Diego,Snowy,32.7157,-117.1611,7.1,36,SW,7.2,8,2016,4,1
San Antonio,Cloudy,29.4241,-98.4936,25.4,81.3,N,37.2,5,2021,5,0
Philadelphia,Snowy,39.9526,-75.1652,13.3,53.4,W,41.4,6,2013,22,1
San Antonio,Partly cloudy,29.4241,-98.4936,5.7,97.4,N,39.2,12,2019,7,1
Chicago,Partly cloudy,41.8781,-87.6298,32,30.2,N,33.6,10,2018,3,0
Dallas,Cloudy,32.7767,-96.797,4.4,24.8,W,31.3,9,2015,9,0
Los Angeles,Snowy,34.0522,-118.2437,38.5,4.4,NE,20.4,11,2015,13,0
Chicago,Partly cloudy,41.8781,-87.6298,30.9,86.3,SW,31.9,9,2015,13,0
Phoenix,Snowy,33.4484,-112.074,28.5,47.8,E,5.9,12,2011,4,0
San Diego,Partly cloudy,32.7157,-117.1611,9.6,29.6,E,28.5,7,2020,5,0
San Jose,Snowy,37.3382,-121.8863,30.4,2.8,W,29,12,2023,27,0
Philadelphia,Cloudy,39.9526,-75.1652,0.9,62.3,E,24.8,7,2021,29,1
Chicago,Cloudy,41.8781,-87.6298,22.2,29.8,SE,40.2,3,2011,12,1
Los Angeles,Rainy,34.0522,-118.2437,12.4,65.1,SW,18.5,9,2010,11,1
San Antonio,Partly cloudy,29.4241,-98.4936,33.3,11.2,SW,16.1,2,2023,26,1
Philadelphia,Sunny,39.9526,-75.1652,30.5,51.8,N,5.3,9,2011,7,1
Houston,Rainy,29.7604,-95.3698,19.5,13.7,N,15.9,9,2022,24,0
Los Angeles,Sunny,34.0522,-118.2437,18.9,65.4,W,18.2,6,2010,3,0
Philadelphia,Partly cloudy,39.9526,-75.1652,2.9,73.6,NE,4.4,9,2016,18,0
Dallas,Cloudy,32.7767,-96.797,9.4,80.1,E,36.9,9,2010,28,0
Dallas,Sunny,32.7767,-96.797,28.3,79.3,SW,1.7,5,2019,26,1
Philadelphia,Cloudy,39.9526,-75.1652,2.6,87.8,W,45.3,4,2010,13,0
Philadelphia,Rainy,39.9526,-75.1652,31.5,86.2,W,5.2,9,2018,22,0
Phoenix,Rainy,33.4484,-112.074,39.2,81,S,11.7,6,2018,15,0
San Jose,Cloudy,37.3382,-121.8863,3.2,24.9,SE,8.6,3,2022,5,0
Houston,Snowy,29.7604,-95.3698,18.3,87.6,N,31.9,12,2012,13,1
Houston,Partly cloudy,29.7604,-95.3698,23.2,48.6,SE,49.5,9,2012,31,1
Phoenix,Snowy,33.4484,-112.074,32.5,13.5,SE,41.7,7,2018,23,1
Los Angeles,Rainy,34.0522,-118.2437,6,81,S,3.4,8,2017,30,0
San Jose,Partly cloudy,37.3382,-121.8863,14.4,81,NE,5.6,2,2015,28,0
Philadelphia,Snowy,39.9526,-75.1652,33.4,43.8,W,26.8,10,2022,12,1
San Jose,Sunny,37.3382,-121.8863,20.7,71.4,E,39,7,2016,15,0
San Diego,Snowy,32.7157,-117.1611,6.5,10.8,NW,35.6,2,2023,12,1
Dallas,Cloudy,32.7767,-96.797,34.8,12.2,SW,25.5,5,2022,27,0
Chicago,Sunny,41.8781,-87.6298,37.4,39.8,N,1.3,8,2011,26,0
Dallas,Cloudy,32.7767,-96.797,29.6,23.7,SE,49.3,10,2013,18,0
Los Angeles,Sunny,34.0522,-118.2437,38.9,86.5,S,38,11,2012,10,1
San Antonio,Rainy,29.4241,-98.4936,37.1,86.5,N,30.6,6,2018,18,0
New York,Partly cloudy,40.7128,-74.006,4.9,14,NW,35.6,11,2020,9,1
Chicago,Sunny,41.8781,-87.6298,16.4,31.1,NE,29.8,5,2017,17,1
Phoenix,Rainy,33.4484,-112.074,23.9,45.1,E,35.1,3,2011,28,0
Philadelphia,Rainy,39.9526,-75.1652,29.3,12.3,SW,16.5,4,2011,28,0
Dallas,Partly cloudy,32.7767,-96.797,21.4,11.9,N,40.5,9,2019,6,1
Phoenix,Partly cloudy,33.4484,-112.074,26,47.5,E,3.4,5,2019,29,0
Philadelphia,Sunny,39.9526,-75.1652,4.7,60.7,N,24.2,10,2017,11,1
New York,Rainy,40.7128,-74.006,16.3,16.9,E,47.9,11,2016,14,0
Houston,Rainy,29.7604,-95.3698,0.3,15.3,W,28.5,6,2013,11,0
San Diego,Partly cloudy,32.7157,-117.1611,26.1,70,N,11.1,10,2012,28,1
Chicago,Cloudy,41.8781,-87.6298,6.6,91.7,S,27.2,2,2020,25,0
Philadelphia,Partly cloudy,39.9526,-75.1652,16.2,0.1,N,12.4,1,2012,23,1
New York,Cloudy,40.7128,-74.006,19.9,76.5,S,16.6,11,2013,13,0
New York,Cloudy,40.7128,-74.006,26.7,1.1,NE,0,4,2023,31,0
Chicago,Snowy,41.8781,-87.6298,30.5,94.1,N,44.3,1,2010,28,1
Chicago,Cloudy,41.8781,-87.6298,28.6,34.7,E,6.6,5,2020,25,1
Chicago,Partly cloudy,41.8781,-87.6298,22.7,76.9,SE,39.6,2,2015,13,1
San Diego,Sunny,32.7157,-117.1611,21.2,52.3,NE,37.4,12,2012,18,0
Dallas,Rainy,32.7767,-96.797,34.3,36.8,SW,1,12,2012,26,1
Los Angeles,Partly cloudy,34.0522,-118.2437,34.7,38.6,SW,0.9,12,2012,4,0
New York,Sunny,40.7128,-74.006,2.5,68.6,SE,17.1,8,2020,10,0
San Jose,Cloudy,37.3382,-121.8863,10.8,88.3,SE,16.7,5,2017,20,1
San Diego,Snowy,32.7157,-117.1611,36.9,80.8,SW,26.1,7,2014,30,1
Philadelphia,Partly cloudy,39.9526,-75.1652,23.7,34.5,SW,5.9,2,2023,5,1